position,wt_residue,n_variants,mean_score,median_score,std_score,min_score,q1_score,q3_score,max_score,median_se,iqr_score
2,P,19,64.61674141684212,71.80036188,29.91756811793156,0.0,61.925925649999996,74.742546475,137.6418571,21.27829546,12.816620825000001
3,V,19,111.22262158578947,115.1194476,20.690127892223295,81.62058798,92.135938675,127.34778865,145.7780599,16.45957623,35.21184997499999
4,R,19,121.89127855894738,126.3821428,14.294116397176467,92.04370656,114.9744712,132.88926850000001,139.9307862,14.60520002,17.914797300000018
5,R,19,100.47792904842106,95.64671213,19.636116927178787,65.67035638,88.78814399999999,113.5876216,138.7863217,14.27946033,24.799477600000017
6,G,19,100.72112062736842,105.199248,32.17745791649291,0.0,81.17989791,118.92787905,146.9750597,12.02693773,37.74798114000001
7,H,19,95.58995081368421,89.89624927,27.620276359835298,30.39671503,80.08471033,116.56161675000001,139.9307862,16.25911711,36.47690642000002
8,V,19,111.64140864894738,110.0519891,24.80767081304169,60.06353274,94.34785823,129.87168985,158.1329291,17.70642432,35.523831619999996
9,A,19,118.0136011668421,128.609421,23.3024467399043,75.26506349,101.3337164,133.49739595,160.8221136,20.43638553,32.16367955
10,P,19,112.45411317526316,111.2816507,22.82011944190793,69.39316083,98.090342565,126.4453484,158.6989583,18.56922716,28.355005835
11,Q,19,117.81792823947367,117.4363904,19.775089368064815,80.08471033,104.84919875,127.03978269999999,155.544328,18.39932688,22.19058394999999
12,N,19,113.05678123842105,110.0091436,25.043682464362988,68.82092856,101.70429655000001,133.27032115,172.0523214,18.14488859,31.56602459999999
13,T,19,106.74647789210526,105.8915017,21.804985765728937,76.42840524,88.50358528000001,121.4105152,154.5188948,16.51368288,32.906929919999996
14,F,19,98.02388824421053,93.53966427,20.165057427744827,68.53414525,80.566993845,111.7011254,138.7863217,17.75044893,31.134131554999996
15,L,19,53.10241579084211,64.38096414,48.62437930323885,0.0,0.0,86.22974951,134.5412128,12.65478103,86.22974951
16,D,19,106.10085794947368,104.44084,20.751642812995463,73.63533065,89.0539575,124.23026945000001,134.8943661,15.02861697,35.17631195000001
17,T,19,104.93492784789474,107.9415435,17.201819327477583,80.08471033,88.43910518999999,120.08105675,134.5412128,15.45599166,31.64195156000001
18,I,19,50.64686873894737,69.39316083,45.720441262853996,0.0,0.0,78.39912495,132.6030978,11.6563383,78.39912495
19,I,19,26.049251775842105,0.167388211,34.030080609555654,0.0,0.0,49.054853785000006,95.56938039,11.91361239,49.054853785000006
20,R,19,75.87187712000001,82.26213028,32.478838270897725,0.0,67.49716121,94.57921676500001,121.142294,15.02253682,27.08205555500001
21,K,19,96.03808107842106,101.0687506,22.717907026289428,42.94703997,84.864203355,114.03024070000001,122.8827307,15.30455483,29.166037345000007
22,F,19,90.87665618568421,85.06362765,32.3100115600441,0.380821238,71.80036188,121.142294,131.2167866,16.5044904,49.34193212000001
23,E,19,36.739854343157894,20.11464528,39.216045072011,0.0,0.0,71.68062809,107.2814648,15.48591705,71.68062809
24,G,19,96.4035338168421,95.41018998,25.36839917464307,29.44642276,82.49666786,116.820998,136.0915349,17.04168846,34.32433014
25,Q,19,102.54633026947369,104.7438757,19.578040951347194,71.5587198,83.894628525,117.96235525,131.4767064,15.73300714,34.067726725
26,S,19,95.83194794105263,88.60856965,34.54674854794324,0.0,79.720819285,125.55469740000001,147.2706613,15.60013768,45.833878115000005
27,R,19,91.82889612421053,93.43383153,25.89542152436148,31.5940944,79.02125997499999,103.9530395,132.0473623,14.56648796,24.93177952500001
28,K,19,88.86031037210527,96.45579846,37.90615910161838,0.0,77.410745455,114.6233963,137.6418571,15.97338128,37.212650845
29,F,19,5.802152398736842,0.0,25.274621692540762,0.0,0.0,0.0,110.1732587,3.358661361,0.0
30,I,19,19.71477537368421,0.0,40.34349415449188,0.0,0.0,0.0,121.142294,3.900904135,0.0
31,I,19,18.731001386842106,0.0,35.431112513273284,0.0,0.0,15.975783785,102.8878978,8.676705962,15.975783785
32,A,19,16.694279664210526,0.0,31.076661632714384,0.0,0.0,17.323286975,94.05889444,3.567376454,17.323286975
33,N,19,63.69712695368421,76.43702592,32.456545741119946,0.0,60.655463174999994,80.08471033,102.9200519,13.94097093,19.429247155
34,A,19,58.95985509052632,69.96539311,47.68307151363935,0.0,4.93902271,85.52082963500001,137.6418571,14.74787721,80.58180692500001
35,R,19,103.87912857210527,106.643032,24.179380094017667,69.96539311,87.42657334500001,124.9002048,138.7863217,17.2918994,37.47363145499999
36,V,19,101.21231023052631,104.3436378,38.59432446536927,0.0,78.29092691,137.6418571,149.4922113,18.89320462,59.350930190000014
37,E,19,95.6259852663158,92.04370656,21.262058818601375,69.39316083,81.32943965999999,109.4790476,130.0405289,14.14619831,28.14960794000001
38,N,19,87.57335237736842,93.19413846,48.28075066050555,0.0,70.360437875,128.1341468,144.9545829,16.26846687,57.773708924999994
39,C,19,103.93233966526316,117.4059052,34.182776344840576,0.0,86.83463689,126.88877055,134.5100566,16.05576028,40.054133660000005
40,A,19,97.35458708736842,99.90467144,24.25782091029064,65.29527358,71.62325584,113.10622575,137.6418571,14.55292915,41.482969909999994
41,V,19,18.925197602105264,0.0,37.23140748235191,0.0,0.0,9.9440888,121.142294,3.993917424,9.9440888
42,I,19,14.73440581910526,0.0,34.714336166539574,0.0,0.0,0.0,112.7416441,4.004248125,0.0
43,Y,19,9.910388797157895,0.0,31.01272358047645,0.0,0.0,0.0,121.142294,2.873575817,0.0
44,C,19,20.884879845263157,0.0,44.51406973872713,0.0,0.0,0.0,137.1335392,7.579956962,0.0
45,N,19,18.75786352105263,0.0,36.437755976819815,0.0,0.0,20.02117758,130.1692005,2.444518354,20.02117758
46,D,19,70.66368792689474,69.39316083,35.35269964645889,0.0,60.83979171,85.03814779,152.994287,16.03606513,24.198356079999996
47,G,19,60.77898325542105,74.45281944,43.39993700907705,0.0,4.1208049165,91.361461795,114.5926041,13.4599972,87.24065687849999
48,F,19,6.5138009684210525,0.0,28.39300015968474,0.0,0.0,0.0,123.7622184,4.53370206,0.0
49,C,19,59.24721397052631,68.82092856,51.407920147864196,0.0,0.0,104.78050085000001,131.1075995,12.28794239,104.78050085000001
50,E,19,81.29491305052632,82.51016799,37.72887884037649,0.0,70.35155177,111.18031045000001,137.6418571,15.27619146,40.82875868000001
51,L,19,27.48671731,0.0,39.814221301772754,0.0,0.0,61.080307805000004,128.6828414,11.42778566,61.080307805000004
52,C,19,58.338946711052635,69.39316083,59.33642582253153,0.0,0.0,120.1270655,137.6418571,13.68523622,120.1270655
53,G,19,14.776674906842105,0.0,29.416746078832855,0.0,0.0,0.0,73.63533065,4.782310622,0.0
54,Y,19,10.868111554210525,0.0,33.45701922416657,0.0,0.0,0.0,126.4094092,0.075083894,0.0
55,S,19,56.535121734473684,72.03043017,41.31064981103689,0.0,0.0574749575,85.274940845,119.7505227,11.60934851,85.2174658875
56,R,19,22.850732513157894,0.0,31.446935110895453,0.0,0.0,36.120260295,92.20210484,12.72540185,36.120260295
57,A,19,102.68695545210527,109.7115891,23.13620334221637,46.02185328,85.837309315,118.80027935000001,136.1703567,13.29951618,32.96297003500001
58,E,19,36.72239634357895,10.82896853,41.555413481536355,0.0,0.0,71.827569695,109.8909754,11.95289308,71.827569695
59,V,19,18.201751194210527,0.0,37.37158826891749,0.0,0.0,0.0,107.8974937,3.49162222,0.0
60,M,19,38.02567380421053,0.0,53.2611674170951,0.0,0.0,75.275837395,146.2521935,10.04654783,75.275837395
61,Q,19,87.20945387368421,95.55384356,39.64545112311496,0.0,82.95534321,111.2736773,133.2611058,14.08909251,28.318334090000008
62,R,19,81.36679706631578,88.75030654,40.98099379609964,0.0,74.34661997500001,106.6409616,130.4616778,17.19576373,32.29434162499999
63,P,19,69.08699087315789,82.9681518,49.927118992492446,0.0,20.64354225,114.49605425,134.631758,13.40384989,93.852512
64,C,19,47.22631726494737,2.428344299,53.89286383517238,0.0,0.0,95.449279365,139.9307862,10.37026185,95.449279365
65,T,19,74.31588633736843,81.34021638,29.052962297160644,0.0,68.433348015,92.011902635,120.3520112,13.13700058,23.57855461999999
66,C,19,31.047367968947366,0.0,51.36780624003197,0.0,0.0,57.03210254,137.6418571,9.085700659,57.03210254
67,D,19,83.01352915789474,85.06362765,33.874253914870955,0.0,68.433348015,93.2690086,134.5412128,14.86899047,24.835660585
68,F,19,7.826390350526316,0.0,25.058395970289148,0.0,0.0,0.0,100.9059096,6.662263766,0.0
69,L,19,6.5138009684210525,0.0,28.39300015968474,0.0,0.0,0.0,123.7622184,0.345537976,0.0
70,H,19,63.0988770268421,69.96539311,44.835693668374894,0.0,27.064968235,92.727219225,137.6418571,11.62939687,65.66225099
71,G,19,0.0,0.0,0.0,0.0,0.0,0.0,0.0,2.005425227,0.0
72,P,19,39.38546337384211,49.98410974,36.26730590536168,0.0,0.0,68.92225705,95.80347758,12.55966412,68.92225705
73,R,19,91.55552939368421,92.19804127,32.84076076110664,0.0,82.933942265,110.60404785,137.6418571,13.58824052,27.670105585
74,T,19,0.0,0.0,0.0,0.0,0.0,0.0,0.0,3.586189686,0.0
75,Q,19,86.72585953631578,100.1653067,47.774955601501134,0.0,65.012884345,127.66567334999999,139.4711456,16.8833234,62.65278900499999
76,R,19,119.59991673052632,124.9844607,21.288255688729826,68.67274519,104.14075105,137.6418571,146.1434206,13.10626699,33.501106050000004
77,R,19,112.99597167368421,120.1270655,21.86224485276906,63.12471601,99.778700085,128.2774829,138.7863217,15.51692454,28.498782815
78,A,19,65.93062180105262,69.39316083,46.00834252576257,0.0,28.658007405,104.9386821,136.0183506,13.8416563,76.28067469499999
79,A,19,65.807552603,81.1928186,46.2467635728027,0.0,22.7046768085,100.477063985,123.7622184,15.78091011,77.7723871765
80,A,19,99.34198485947368,102.559337,31.388948601075786,0.0,93.060773435,120.24522455,134.5412128,13.24600864,27.184451115
81,Q,19,99.61223883421053,104.6999017,31.672453857237418,0.0,90.903756835,122.39121615,139.9307862,13.2243523,31.48745931500001
82,I,19,31.011288420000003,0.0,50.37969481125416,0.0,0.0,60.21831249,139.8101355,0.6855817129999999,60.21831249
83,A,19,90.57308282526316,92.04370656,36.88345021467761,0.0,78.08493841,109.8100236,171.0300783,19.49333832,31.725085189999987
84,Q,19,85.54607114947368,81.1928186,38.00929623073289,0.0,65.643019545,120.996141,138.0655598,17.61606981,55.35312145499999
85,A,18,20.615581096666666,0.0,37.742574655111795,0.0,0.0,29.959099665,112.6170764,8.676821076,29.959099665
86,L,19,29.617791221578948,0.0,51.794418617643316,0.0,0.0,44.934332805,134.5412128,2.690575825,44.934332805
87,L,19,113.35263042157895,122.1778542,32.94186907969838,0.0,104.7426108,133.9376255,143.1174396,13.17954647,29.1950147
88,G,19,106.37250993578948,120.6346797,33.963529055855275,0.0,107.85475495,125.98889305,128.9340346,14.8328578,18.1341381
89,A,19,115.71388787526317,121.142294,15.467336151195848,85.06362765,110.23294885,126.3821428,130.4616778,13.13127383,16.149193949999997
90,E,19,102.21804747210525,104.6474247,22.258538499614378,37.50238289,86.9069671,120.443419,124.9302211,13.39074655,33.5364519
91,E,19,103.44028392473685,105.1804936,16.483363396716815,79.49709678,91.04052091,113.37726225,136.0915349,16.20988163,22.336741340000003
92,R,19,96.5011741736842,114.7457152,42.56859095608455,0.0,86.93044081,122.1984491,137.8609057,15.01941712,35.26800829000001
93,K,19,105.1731760068421,108.7294226,17.33023835013479,73.51559686,90.39700655,120.6931558,130.4616778,13.3121819,30.29614925
94,V,19,34.237179779473685,0.0,48.617026209944555,0.0,0.0,67.501037875,130.6458122,10.09139449,67.501037875
95,E,19,82.63764282,86.56099748,32.28937164041075,0.0,69.107044695,102.070391255,127.5954415,11.86751473,32.963346560000005
96,I,19,29.227779608157896,0.0,42.27353603112475,0.0,0.0,62.493777565,127.5954415,9.082940741,62.493777565
97,A,19,108.29899490526316,126.3821428,35.33955617226697,0.0,99.551932885,132.6735043,139.9307862,16.30688999,33.12157141499999
98,F,19,24.46533802263158,0.0,41.27155380616618,0.0,0.0,44.79452116,127.3151142,3.268163238,44.79452116
99,Y,19,9.270302634894739,0.0,33.236587286815904,0.0,0.0,0.0,143.2555158,1.952251241,0.0
100,R,19,27.432052302105262,0.0,46.04193356506153,0.0,0.0,53.727645075,135.5299688,7.102842992,53.727645075
101,K,19,13.21302777894737,0.0,31.153429296538796,0.0,0.0,0.0,118.0700185,4.46211013,0.0
102,D,19,29.333771502105265,0.0,40.902597410191,0.0,0.0,66.32305523,113.9521923,11.56841094,66.32305523
103,G,19,74.93027804105263,81.0632221,46.759430299310885,0.0,59.232333499999996,105.2932908,146.278752,13.20341385,46.0609573
104,S,19,84.05638304105263,89.06617828,36.13344783119983,0.0,70.31070032,113.16524365000001,126.3758892,15.09018755,42.85454333000001
105,C,19,114.57915589789474,119.831735,22.546312458994525,64.69603778,99.50193442,135.55034460000002,138.7863217,17.16490035,36.04841018000002
106,F,19,14.993591622526315,0.0,29.147920735554063,0.0,0.0,4.781153559,88.55366711,3.44759455,4.781153559
107,L,19,113.79527889736842,124.9452767,28.29353482469988,69.96539311,86.85670415999999,136.866696,159.8763336,19.88296333,50.00999184
108,C,19,21.640850736842108,0.0,39.43056489977665,0.0,0.0,21.265906915,107.521668,9.34968031,21.265906915
109,L,15,106.920624684,89.66131133,53.05968907722188,0.0,80.7731117,138.8297667,208.1794825,12.28431935,58.05665499999999
110,V,19,19.62503251,0.0,37.54840142803437,0.0,0.0,9.882301055,105.1727215,3.387378088,9.882301055
111,D,19,73.02209244842105,76.49714349,34.3165148499791,0.0,64.13669768,87.552796695,126.3821428,15.60508105,23.416099015
112,V,19,28.36539933731579,0.0,45.52298196570667,0.0,0.0,68.61799974499999,143.4917807,3.669177644,68.61799974499999
113,V,19,102.43220665000001,104.3409941,31.86129319315793,0.0,87.50806292499999,121.00513015000001,143.3941714,14.3963442,33.49706722500002
114,P,19,11.941464755210525,0.0,24.50908355112465,0.0,0.0,0.0128072095,74.30682091,8.173701974,0.0128072095
115,V,19,68.00724347631578,69.96539311,49.53292952373286,0.0,7.084315473,112.13291405000001,124.3688677,13.73670069,105.048598577
116,K,19,105.25390984631579,108.9358908,18.705859133599574,69.96539311,92.334672065,120.63467975,128.8844613,15.36117047,28.300007684999997
117,N,19,105.03469414315789,100.1058879,25.44666676220349,68.82092856,81.67481733,125.19065845,143.3612562,22.32056071,43.515841120000005
118,E,19,94.95176928789473,99.70511323,21.261246362522254,46.02185328,80.30153595499999,106.69917375,139.9307862,19.12684653,26.39763779500001
119,D,19,89.54848826157895,87.17793772,22.21209375634169,68.31218963,71.740494985,97.52943646,138.036073,21.35326479,25.788941475
120,G,19,99.86635956894736,93.08173041,31.790711276882362,40.04235516,78.620101655,128.5662132,146.4625366,18.61693029,49.946111544999994
121,A,19,98.07624181894737,98.12701249,18.50336493952192,60.571147,88.07879421000001,108.02023065,128.5867094,19.72358201,19.94143643999999
122,V,19,82.64448188473683,80.86634172,34.698823775314416,0.0,71.9755662,109.09256445,138.7863217,14.45992476,37.116998249999995
123,I,19,104.36709405736842,103.3947109,21.441684620771635,69.39316083,93.11711475,119.35857680000001,139.9307862,19.75767719,26.24146205000001
124,M,19,64.97603612363157,69.96539311,43.15182935866607,0.0,26.969096145,98.866526245,122.430882,19.59825287,71.89743010000001
125,F,19,69.81614812157895,73.39586307,41.880217110434295,0.0,67.747418545,101.73285405,138.7863217,14.84338451,33.985435505
126,I,19,58.051517923684216,71.68062809,45.678792935374005,0.0,0.0,93.76047885,126.4090962,17.30644335,93.76047885
127,L,19,20.58561639157895,0.0,37.39119896978766,0.0,0.0,18.23203847,104.0897412,16.50285538,18.23203847
128,N,19,98.12214796263157,97.40498987,34.05539779661734,0.0,75.78769826999999,126.64077474999999,138.7863217,16.96119322,50.85307648
129,F,19,14.125616022105262,0.0,28.582462266706813,0.0,0.0,0.0,82.68461021,10.76703923,0.0
130,E,19,81.55813989210526,78.46416148,36.31447119097973,0.0,68.331883605,101.082010545,141.5241129,18.99266967,32.75012694
131,V,19,112.1806734336842,113.2195077,27.1340929038925,69.96539311,87.80480546999999,137.6418571,148.8613368,19.52573055,49.83705163000002
132,V,19,114.49709730526315,126.125639,31.224288246300297,54.0171734,82.29796307999999,138.78632165,154.0536511,20.19203023,56.48835857
133,M,19,113.57778117736842,120.1270655,22.366169895886625,73.2312683,103.23377615999999,126.234365,147.2706613,19.51794789,23.000588840000006
134,E,19,94.54050983789473,92.04370656,29.644347003421817,39.48907732,69.96539311,120.50305345000001,139.9307862,15.88732644,50.537660340000016
135,K,19,86.18394026105264,83.69228852,18.959823071286234,62.1309341,69.67927696999999,97.45417921500001,124.9302211,17.76105629,27.77490224500002
136,D,19,100.37707119789474,106.7691807,31.087347371587324,34.98269655,72.21537536,125.463718,145.1940505,20.37817705,53.248342640000004
137,M,19,113.17990353157896,124.6134937,32.79687302553212,52.39661663,83.308457385,137.6418571,158.3857517,18.9615144,54.33339971500001
138,V,19,104.09518783894737,118.885944,29.622431988826655,40.04235516,77.684316245,128.30144925000002,137.6418571,19.18436063,50.617133005000014
139,G,19,109.81723471526315,117.9116097,25.277606907585387,73.2312683,87.220481665,131.63261455,142.7028043,18.0038408,44.412132885000005
140,S,19,106.37373171210527,105.0432894,23.62773804204689,69.96539311,85.56391804500001,128.35369495,139.9307862,15.63436591,42.789776905
141,P,19,104.93632236789475,107.7770548,27.04789859099004,69.96539311,74.12816000999999,129.1970714,143.1174396,20.54869754,55.06891139000001
142,A,19,104.0562790968421,105.1679405,28.18070476432126,49.42138899,84.69660131,131.34257910000002,139.9307862,22.12105507,46.64597779000002
143,H,19,110.95941116473684,108.0165558,27.457808207433736,62.90084039,94.39666583,127.41514165,181.713441,18.70040638,33.01847581999999
144,D,19,109.36848977526314,113.1635974,23.160736562373675,71.61606754,90.82747837,129.81847384999998,137.6418571,16.24777398,38.99099547999998
145,T,18,102.76282370166668,100.39903329,37.482329270714565,36.81766533,71.65911650749999,137.07025305000002,179.5776472,20.73242351,65.41113654250003
146,N,19,112.50193385526315,114.8427818,35.285886031751,34.69658042,92.092817175,138.38549785,188.2950205,21.50717131,46.292680675000014
147,H,15,77.93644182066667,84.31634201,37.76766293437787,0.0,56.529177149999995,104.38954635,138.7863217,18.880728355000002,47.86036920000001
148,R,19,100.65791256,92.18456712,23.725789232535032,68.53999967,81.259076815,119.4715262,138.7863217,19.0731655,38.212449385
149,G,19,87.99180784052632,81.62058798,15.835922610435771,61.64606834,75.96312878,97.404647,123.9211729,18.58005248,21.441518219999992
150,P,19,97.99794098052632,88.55366711,21.135649013194342,73.63533065,79.71709474,117.9534846,139.3625656,15.65116745,38.23638986
151,P,19,114.7681636263158,115.5204366,18.041544955014178,74.42806667,107.1511411,125.00466589999999,142.8341818,16.94186735,17.853524799999988
152,T,19,92.04271696368421,87.80996809,29.34813512863814,30.2855735,70.882877495,114.54936725,143.6007238,23.24146606,43.666489755
153,S,19,83.52709693315789,82.25654354,26.116670308190237,48.83334792,65.268270055,92.287286225,143.1174396,14.50524204,27.01901617
154,W,19,103.72962299157895,104.9480897,28.57839990124601,51.61569642,83.34210781499999,125.4295396,147.3637556,23.53484919,42.08743178500001
155,L,19,102.69901764736842,100.1058879,25.82460363944764,69.39316083,77.20785811,127.93662675,143.6007238,22.888783235,50.72876864
156,A,19,111.82036644105263,120.1270655,30.825876083132105,34.98269655,93.7719139,138.78632165,151.2576653,18.15916622,45.01440774999999
157,P,19,98.67684804526316,94.16043476,31.98664037756243,0.0,84.98953741,120.3808726,138.7863217,19.2019926,35.39133519000001
158,G,19,113.6871813631579,120.1270655,35.28634680277694,68.82092856,82.799794355,137.6418571,206.4627857,23.06843755,54.84206274500001
159,R,19,101.31118866210527,103.8776646,19.31618383078217,71.80036188,87.192069805,114.64585894999999,129.4705353,17.85365263,27.453789144999988
160,A,19,112.98209141368422,120.1270655,24.54338247873645,68.82092856,98.68628147999999,131.8725138,142.6681106,18.30149007,33.186232320000016
161,K,19,72.70247665105263,75.06623707,44.50931842643189,0.0,46.07620055,108.36805995,133.717629,14.93952015,62.2918594
162,T,19,110.42549775315788,113.3155579,26.323512068811567,69.39316083,86.154718205,137.31869970000002,138.998173,15.21907529,51.16398149500003
163,F,19,118.66013132684212,128.8844613,25.781534809220947,73.63533065,93.421279365,138.7863217,146.4625366,14.11013739,45.365042335
164,R,19,95.30697951526315,90.11664225,22.449751157701957,70.1657644,73.433299475,115.66318525,128.8844613,17.12481981,42.229885775
165,L,19,110.0251903331579,118.8738725,23.542341728998835,70.10391653,98.86373312500001,128.8844613,138.7863217,20.68905436,30.020728174999988
166,K,19,69.95974323052631,73.2312683,36.238469201646495,0.0,66.59263169,84.6260424,138.7863217,18.59650178,18.03341071
167,L,19,129.06821170473685,137.9799187,36.955660144344314,69.39316083,96.61463015999999,149.1595276,195.2750994,15.89773042,52.54489744
168,P,19,60.43040919,69.39316083,50.072800197906425,0.0,8.667382405,94.11151771499999,138.7863217,15.41961458,85.44413531
169,A,19,91.33784210368421,114.7457152,46.44232428490114,0.0,69.67927696999999,128.22544595,138.7863217,17.79393567,58.546168980000004
170,L,19,111.0521120131579,106.4742737,20.03601360844154,69.39316083,103.66882494999999,128.8844613,138.7863217,21.50982882,25.21563635000001
171,L,19,119.24104740000001,121.1808145,21.840757871558257,69.45101267,107.60465815,138.2140894,143.6007238,18.19929136,30.60943125
172,A,19,64.59643534578947,75.02505172,50.65720058364385,0.0,0.0,105.05599581999999,138.7863217,17.38330766,105.05599581999999
173,L,19,122.62123630368421,128.8844613,24.889446646734243,38.44883872,116.4479072,138.7863217,146.4625366,18.01121848,22.3384145
174,T,19,108.14140924,118.9255815,28.496677349278432,69.39316083,71.598330705,128.8844613,143.6007238,23.40646687,57.286130595
175,A,19,83.13511497368421,88.74264561,58.8112513587923,0.0,37.512525855,133.83539150000001,184.0874131,17.45855873,96.32286564500001
176,R,19,63.663424023157894,71.05052443,29.361255109456895,0.0,54.28518602,73.206672295,135.8336336,13.71432193,18.921486275000007
177,E,19,87.79135434157894,91.87556786,35.73697487224323,0.0,70.0941372,116.30831144999999,138.4736745,13.91186598,46.214174249999985
178,S,19,83.09917699,75.02505172,35.30928031528975,0.0,70.882877495,105.1294824,138.7863217,15.25333709,34.246604905
179,S,19,90.04307684578947,92.53845838,30.29169269080664,0.0,75.09102078,107.35896034999999,138.7863217,19.88084215,32.267939569999996
180,V,19,102.29219221947369,105.0101231,28.962720176187137,40.82370481,85.048435095,124.1745559,138.7863217,20.64442296,39.126120805
181,R,19,92.71262512578947,86.87060928,22.54195372679261,69.41508498,73.4127068,114.8418487,137.6418571,13.83724883,41.429141900000005
182,S,19,91.00582631947368,80.08471033,25.293366099660304,61.25949838,69.67927696999999,109.59419969999999,137.6418571,16.03724935,39.91492273
183,G,19,91.64282629473684,93.86573857,17.890958966596862,69.39316083,74.669433735,102.7393792,126.1937862,16.51405074,28.069945465000004
184,G,19,101.56965044736842,104.9552521,26.4097908472241,68.82092856,75.94253610499999,125.54162335,147.2706613,23.24243991,49.59908724500001
185,A,19,97.75100758315789,97.32570922,25.413355002252082,34.41046428,79.18781862,118.21262995000001,128.8844613,21.90093644,39.024811330000006
186,G,18,93.83276148888889,90.844884525,23.421364700791834,55.73992002,76.127130975,108.3880613,138.8479728,21.316272915,32.260930325000004
187,G,19,95.49994545578947,87.0824884,32.95814991795473,40.04235516,69.96539311,129.7283269,138.7863217,19.39852925,59.76293379000002
188,A,19,77.51839826421053,76.43045058,22.69607780724449,0.0,70.822249745,86.031938905,110.7516954,16.63164016,15.20968916000001
189,G,14,93.50152802214286,69.96539311,45.36799292806024,0.0,69.39316083,136.2095687,173.4829021,3.416853203,66.81640787
190,A,19,91.0886722368421,90.73897726,36.85462213444777,0.0,69.96539311,121.03106025,138.7863217,19.88951285,51.06566714
192,G,17,56.51341738647059,68.82092856,44.935260641549654,0.0,18.40883266,87.30094876,137.6418571,11.35954211,68.8921161
193,A,19,66.1347024631579,69.39316083,50.170434039709875,0.0,19.77081814,92.883679685,156.5637861,16.2087995,73.112861545
194,V,19,40.52948580157895,51.37024714,39.3404405356391,0.0,0.0,71.80036188,110.2435645,19.05596694,71.80036188
195,V,19,57.53240009105263,68.82092856,46.556018506520516,0.0,25.85713848,69.96539311,191.2614839,25.44683428,44.10825462999999
196,V,19,33.26331703636842,0.0,44.15034950060452,0.0,0.0,61.469350145,138.7863217,15.45302621,61.469350145
197,D,19,16.102369296842106,0.0,29.87869799173102,0.0,0.0,12.97604539,89.59090777,0.0,12.97604539
198,V,19,54.13874757068421,68.02710838,36.59920584833762,0.0,18.781669445,72.23363456,114.8427818,22.54955871,53.451965115
199,D,19,25.511001308947368,0.0,41.33539453345349,0.0,0.0,60.472519115,134.8091065,0.629457486,60.472519115
200,L,19,113.04757315368421,114.1154325,28.32938184291196,68.82092856,90.36745196499999,137.6418571,159.1902733,18.0454086,47.27440513500002
201,T,19,89.31679870263159,86.97842132,32.642107447073165,30.03176637,66.188981455,113.8155332,138.7863217,18.12807518,47.626551745
202,P,19,49.57381702210526,69.39316083,46.090623805442675,0.0,0.0,77.33455801,131.9208323,17.23860764,77.33455801
203,A,19,94.17462588631578,76.49714349,34.5507851091832,34.98269655,69.96539311,130.32260935,146.4625366,22.4417376,60.35721624
204,A,18,76.94103088,70.85369157,52.44284901037381,0.0,37.9636142775,137.6418571,139.9307862,16.70671239,99.67824282250001
205,P,19,88.22192740631579,69.96539311,30.526792143004265,52.18792869,69.39316083,118.71275245000001,139.9307862,15.64333626,49.31959162000001
206,S,19,108.45675378473683,110.1350083,28.846257353271135,69.39316083,87.785962205,137.6418571,163.0244411,17.93622285,49.855894895000006
207,S,19,105.74741285736842,104.9480897,28.452375986453866,64.39603602,76.657989315,136.77489685,141.1959936,15.56801004,60.11690753500001
208,E,18,74.59503747166667,76.06485560499999,39.19162592540755,0.0,53.620764157500005,98.5984504625,138.7863217,19.203971635000002,44.97768630499999
209,S,19,92.59394880368421,102.2797523,40.65831496671969,0.0,69.37349420999999,123.52279775,138.7863217,17.38735965,54.149303540000005
210,L,19,85.37993555947368,76.49714349,35.08464271389829,0.0,69.67927696999999,107.2713686,138.7863217,16.79248407,37.59209163000001
211,A,19,103.27824062105263,108.8632837,36.07533982421988,0.0,80.27126828,130.42165735,152.994287,21.02368548,50.15038907
212,L,19,88.06366866947369,80.08471033,21.444111155249406,69.39316083,69.96539311,102.40844953499999,128.8844613,15.59584448,32.443056424999995
213,D,19,77.88646393631579,75.02505172,41.28954836167271,0.0,69.107044695,115.2739234,137.6418571,18.37529208,46.166878705
214,E,19,88.62180919947369,76.68449073,25.24887306913256,51.90181256,69.67927696999999,104.9480897,137.6418571,20.6074318,35.26881273000001
215,V,19,98.1487745363158,92.5164,24.35418301327208,68.82092856,74.598335885,116.85832715000001,138.7863217,16.79792367,42.25999126500001
216,T,19,90.68228732052631,94.97398569,24.848364995379974,34.41046428,70.882877495,102.23987205,135.7767579,18.61934799,31.356994555
217,A,19,106.07602314263158,116.3552982,23.73816588816374,69.39316083,84.504860605,126.3319539,137.8537085,19.35128062,41.827093295
218,M,19,96.80870631315788,97.82749514,31.463360672567205,23.95317552,76.29896392,120.19245029999999,143.6007238,19.86014675,43.893486379999985
219,D,19,76.2769201191579,69.96539311,30.5809826266171,1.358803734,69.39316083,80.98738596,138.7863217,19.53121585,11.594225129999998
220,N,19,85.87725154578948,82.31013379,16.1555674218404,69.39316083,72.51581508999999,94.72292735,120.1270655,19.10730776,22.207112260000017
221,H,19,109.34666942157894,110.452996,23.058941107448113,68.82092856,97.579782755,129.6246471,142.2211751,19.29258651,32.04486434500001
222,V,19,100.99640414736842,96.49598954,25.28475741520706,68.82092856,82.177567675,123.1099141,138.7863217,20.60517522,40.93234642499999
223,A,19,94.20244270578947,93.21776469,32.1006314652024,34.41046428,69.67927696999999,123.5309676,138.7863217,17.72006427,53.85169063000001
224,G,19,99.50763224210526,94.7391343,29.725621912990725,68.82092856,69.67927696999999,128.4218232,137.8537085,23.42034601,58.742546230000016
225,L,19,84.05835324,87.29851897,36.77977761793636,0.0,67.760101075,109.5355116,137.6418571,25.67173281,41.77541052500001
226,G,19,91.81828565368421,81.00454983,25.44123216915844,68.82092856,70.882877495,109.44573835,137.6418571,20.25546466,38.562860855
227,P,19,84.36425020789474,82.83951861,37.974738538146696,0.0,69.39316083,106.6760924,138.998173,19.45889275,37.28293157
228,A,19,90.82462584052631,82.98452554,27.140215087385844,34.41046428,69.96539311,111.88373615,137.6418571,17.70392312,41.91834304000001
230,E,19,80.1599653168421,78.29092691,24.025882557528583,17.49134828,69.67927696999999,93.55145141,138.7863217,16.82861639,23.87217444000001
236,G,19,93.79292600736842,85.89681587,48.433295771934546,0.0,62.01229212,117.72303185000001,179.9992618,33.67916043,55.710739730000014
237,P,19,102.88706551157895,107.7818849,30.3275370185089,52.7447506,85.05731439,124.31473969999999,167.1307896,16.680349295,39.25742530999999
238,G,17,100.78968015352942,105.4895012,38.2208329373415,32.20426507,66.69506616,124.875855,166.9524634,26.98555443,58.180788840000005
239,S,19,91.46522204842104,89.79994809,21.476277250919438,55.80126225,82.33003981499999,107.36137719999999,130.2035424,15.76286713,25.031337385
240,P,19,120.50029822526315,111.6025245,32.43744439521094,82.54053382,93.506657975,141.8935459,180.6771172,26.330239605,48.386887924999996
241,P,18,119.64813922444445,113.0634196,22.71852783094845,84.37960389,108.08003525000001,133.11554515,161.3328299,18.178205685000002,25.035509899999994
242,R,18,111.96029807055555,108.54601285000001,31.952727845588353,46.55891661,98.54391706999999,126.88638517499999,167.4037868,24.86073132,28.342468104999995
243,S,19,97.02532425315789,94.2213221,44.25471110743454,0.0,66.74892468,121.4757085,180.9031337,21.877286499999997,54.726783819999994
244,A,19,96.88751472526316,105.4895012,32.57818505694687,0.0,91.28766548,117.722189,131.8618765,13.78271736,26.43452352
245,P,18,98.56764266388889,99.54011030000001,36.43631227483958,28.11590307,79.28351423000001,124.529203475,169.5285412,22.556282095,45.245689244999994
246,G,19,108.56438358894736,111.6025245,39.60795932380286,55.80126225,68.00904984,139.0395963,173.7021369,21.13957432,71.03054646
247,Q,19,115.97480160736842,111.6025245,43.119348382574884,26.3723753,82.844169925,161.4911913,180.9031337,20.15968029,78.647021375
248,L,19,107.99509834736843,110.691242,35.19357891209028,41.625285,87.076730125,122.8929954,175.5088813,19.70790222,35.816265275000006
249,P,19,93.04886918947368,92.02130544,27.320100040987313,54.27904205,76.60604164,105.4895012,167.4037868,16.82832363,28.883459560000006
250,S,16,105.37813666437499,101.77529264500001,49.16373724141422,0.0,79.391439025,143.538139,186.4721095,20.54401231,64.146699975
251,P,18,99.9139563388889,105.4895012,28.058157682033762,26.3723753,93.0956255575,120.4036836,144.623332,19.808196055,27.308058042499994
252,R,19,98.66141329947368,94.45171532,39.98471445420615,28.73301153,64.10806316,123.8418535,167.4037868,20.18036481,59.73379034
253,A,19,112.78873047842104,105.4895012,30.67074403845293,65.69772622,90.45156687,126.18679875,186.4721095,16.23956977,35.73523188
254,H,19,111.20205710894736,116.3136484,28.717525189913488,62.39381293,88.44367288000001,121.1799948,170.1146288,17.00287664,32.736321919999995
255,S,19,93.70413538578947,96.18663374,29.786062531369353,52.67342141,62.49315498,117.50840009999999,147.4948792,17.79771976,55.01524511999999
256,L,19,100.99306351894738,97.54417121,26.508251949207402,66.09579027,81.18384793999999,122.0170358,164.421118,18.795518645,40.83318786000001
257,N,19,102.0777312631579,105.4895012,35.40478259994152,11.01714275,84.15394219000001,124.55118279999999,166.4685464,19.42349326,40.39724060999998
258,P,19,97.85996847731579,105.2236012,27.730927139975048,8.867920549,90.82159309,115.11932825,130.8840045,16.85182803,24.297735160000002
259,D,19,92.67570657842106,90.45156687,29.221683062334055,31.19690647,75.75863796,114.90212045000001,139.3497854,16.51948426,39.14348249000001
260,A,19,108.42599009157895,111.6025245,26.113754808229473,62.59249703,87.46916637000001,117.61774894999999,182.329394,12.05855292,30.14858257999998
261,S,19,92.52684309789474,94.37003559,20.75636018367796,52.7447506,78.05970735,107.365783,123.8418535,16.30318353,29.306075649999997
262,G,19,105.49491120263158,99.68912337,33.4726323394169,55.80126225,85.05731439,124.55118279999999,167.8547801,18.34661474,39.49386840999999
263,S,19,95.19740095473684,92.53814647,27.97507042974611,52.7447506,79.909663115,107.017757,166.50114,14.52501843,27.108093885000002
264,S,19,93.98529313368421,93.88874555,27.32960652387372,52.7447506,77.352782815,117.722189,131.6725046,19.64181108,40.369406185
265,C,19,113.90326780736842,113.8142956,21.373531233542955,83.25056999,92.340630545,124.55118279999999,158.2342518,16.77768196,32.210552254999996
266,S,19,90.27201306947369,85.05731439,34.60181236609092,0.0,81.79013327,105.4895012,173.7021369,17.90156745,23.699367930000008
267,L,19,88.82734154447368,90.08971643,26.60436369291477,1.425985065,81.18384793999999,106.392012,127.5859716,17.108127324999998,25.20816406
268,A,19,100.76418504736841,105.4895012,26.05367337657851,41.625285,85.05731439,117.722189,154.8023169,14.751794705,32.66487461
269,R,19,106.28388080368421,108.5460128,23.239781526556527,55.80126225,87.75444063,117.1075361,167.1350925,14.1119024,29.35309547
270,T,19,96.06487889736843,104.538812,26.70489122805845,41.625285,78.26204242,119.5018089,125.1849941,17.24405595,41.23976648
271,R,19,118.47717480052631,118.3937593,34.83664762074873,62.59249703,97.48126558,132.11841315,178.2066115,14.85994976,34.63714757000001
272,S,18,85.90270307444445,83.476231685,17.051040188066327,56.47897276,74.9336416175,94.761952215,123.8418535,15.166498,19.828310597499993
273,R,19,109.55125886105263,111.6025245,15.108670438337079,83.25056999,98.48426101999999,122.0066976,135.6773503,14.44478412,23.522436580000004
274,E,19,93.19181191368422,88.99732936,39.05123400256796,26.3723753,62.49315498,123.7352734,180.9031337,20.749699285,61.24211842
275,S,17,97.67458361235293,94.37003559,20.458890104160034,61.92092676,85.30010737,109.4639602,131.8618765,21.59366462,24.163852829999996
276,C,19,92.3996819831579,93.88874555,29.074237848424662,30.96046338,83.788992695,113.0031128,132.2666843,20.39155496,29.214120104999992
277,A,19,107.7897392936842,111.6025245,21.913196001676393,74.74172477,86.85622968,122.40496304999999,156.4812426,14.92383929,35.548733369999994
278,S,19,109.6630746268421,105.4895012,25.19358849336004,69.52591612,91.78565082,124.31473969999999,166.50114,17.40093284,32.52908887999999
279,V,18,109.21588602499999,111.1208158,18.62451132759753,70.13174072,95.939275505,123.876166275,140.8585766,16.200367415000002,27.936890770000005
280,R,19,105.25506081578946,102.8298992,24.261200032081693,68.90103249,87.13756193500001,120.62839975,164.0105333,15.74594257,33.49083781499999
281,R,17,104.78722894117648,105.4895012,35.05436474830496,26.3723753,83.25056999,124.7876259,162.8190193,21.20082162,41.53705590999999
282,A,18,105.99488213611112,105.49137200000001,25.141448507755314,62.59249703,89.3374380675,122.345684025,154.819112,14.805270669999999,33.008245957499994
283,S,19,85.73494746842105,85.93195321,33.33677436238434,0.0,66.08293934,105.4895012,140.721781,14.71941349,39.40656186000001
284,S,18,88.91347838,93.5907194,35.77736178636614,0.0,82.3509876825,111.13911215,149.7781456,18.0175889,28.788124467499998
285,A,19,111.81641199578948,108.7361212,29.118745358571918,59.11385519,103.09106335000001,123.8418535,167.4037868,21.57683239,20.750790149999986
286,D,19,93.66275236315789,85.05731439,30.620990314194717,43.61115959,71.67209413500001,117.722189,170.1146288,18.148556,46.05009486499999
287,D,19,91.73283992368421,92.17015621,24.227357701101766,45.62504698,80.442558405,111.6025245,124.7876259,12.89650153,31.159966095
288,I,19,101.90917774894737,98.32991945,24.58248685932616,60.05257436,85.05731439,121.64212115000001,146.434942,13.05491129,36.584806760000006
289,E,18,71.45139253733333,80.632323165,33.12934879365607,0.0,53.508878512500004,90.45156687,123.8418535,19.16458122,36.94268835749999
290,A,16,94.0362561725,84.15394219000001,50.271590587213964,0.0,59.22871965,142.410598825,166.50114,19.92196548,83.18187917499999
291,M,18,102.85302901666667,105.22804295,30.198806993350054,55.75106776,86.116752525,121.1366859,166.50114,24.96096359,35.01993337500001
292,R,18,99.60189775500001,109.25177235000001,38.97600623958911,26.3723753,72.9570795875,125.68151915,167.4037868,23.37714453,52.724439562499995
293,A,19,109.49301582157894,100.5110288,35.44343809495381,55.57560056,88.65131765,129.7596019,185.7627803,18.12148662,41.10828425000001
294,G,19,101.87426714578947,108.5460128,26.80529249725565,52.7447506,90.461501755,114.28717895,162.8190193,17.68693783,23.825677194999997
295,V,19,122.14611216789473,120.7424109,28.981583296201112,84.04099911,99.901646645,133.55157305,177.2252975,18.98245494,33.649926405
296,L,19,102.47855513736842,105.9058668,26.133123943367057,55.80126225,83.36340084,124.7876259,144.5434213,15.93573681,41.42422506
297,P,19,92.39191354526317,88.36301091,31.24787133477591,10.63268864,83.25056999,106.93310845,166.50114,19.10694488,23.682538460000004
298,P,19,76.67435676947369,85.91914461,34.82803077391086,0.0,66.401949655,93.739732475,123.4884707,12.75667474,27.33778282
299,P,19,79.03216975578947,84.39991323,25.178416013337422,26.3723753,62.49315498,91.05902269,124.7876259,14.39267532,28.565867710000006
300,P,18,102.41899860055555,96.89057148,44.29409364884135,0.0,81.70052845250001,129.56451735,169.6415742,19.70670794,47.86398889749998
301,R,19,101.04990712789474,105.4895012,31.188212059549116,0.0,92.02114313499999,111.6025245,166.50114,14.38742617,19.581381365000013
302,H,19,101.39708317736842,105.1246381,27.114970171539923,62.59249703,87.75444063,109.87928825,185.7627803,14.46864701,22.124847619999997
303,A,19,96.17579909052631,103.4259356,21.0705145843104,52.7447506,84.21987486,110.5840939,124.7876259,13.98757845,26.364219039999995
304,S,19,115.55756447157896,111.6025245,27.805326834007797,83.25056999,93.739732475,124.98631,174.1534603,14.74077201,31.246577525000006
305,T,19,96.5300419863158,105.4895012,19.88621450219838,62.39381293,83.25056999,111.6025245,125.1849941,13.48236359,28.35195451
306,G,19,94.87468389578947,98.96742622,25.95187808086641,31.29624852,81.18384793999999,112.64363625,124.7876259,13.87525042,31.459788310000008
307,A,19,111.56209081210527,111.6025245,13.34629653811657,74.61064315,107.017757,121.42326295000001,123.8418535,11.96952214,14.405505950000006
308,M,19,93.68722239789474,105.4540873,21.15269737669767,62.39381293,74.791111175,111.6025245,124.7876259,14.24020069,36.811413325000004
309,H,19,103.06256005,105.4895012,19.795383120392433,61.92092676,91.2375753,117.91031855,130.3278975,12.17309578,26.672743249999996
310,P,19,102.26446599263159,95.10863317,27.18544847334463,60.47471756,83.476231685,123.0170246,158.2342518,16.45817997,39.540792915
311,L,18,100.21507520222222,101.258493845,23.07050795207055,61.92092676,83.8933514275,122.03172430000001,137.6962851,15.536891749999999,38.138372872500014
312,R,19,100.76056278631579,105.228395,22.268088132948424,62.39381293,84.15394219000001,123.94650095,131.8618765,12.03511448,39.79255875999999
313,S,19,99.18976567842105,105.4895012,27.919654830302658,0.0,89.817597165,111.17483195,125.1849941,12.06273155,21.357234785000003
314,G,19,89.15749922052632,90.45156687,14.786990994025118,62.15736985,83.25056999,93.739732475,124.875855,12.52885519,10.489162484999994
315,L,19,113.12776220578948,111.6025245,37.07850237907022,26.3723753,87.001417225,137.7496099,176.4884679,12.99185143,50.748192675
316,L,19,97.56752972263158,93.5907194,24.662367147370155,58.86109451,82.33003981499999,122.47346635,139.1271867,15.75083342,40.143426535
317,N,19,89.2718744,93.5907194,29.53905181388356,5.22062682,85.05731439,103.5567126,136.6587979,12.37659661,18.499398209999995
318,S,19,100.8821530368421,104.1784888,31.299524569722863,0.0,90.45156687,111.6025245,167.556141,13.54507824,21.150957630000008
319,T,19,87.53599504789474,90.45156687,25.91210335864742,35.46023743,62.59249703,99.68912337500001,127.5859716,11.64552321,37.09662634500001
320,S,19,103.68366924105263,105.4895012,25.015235314850955,41.625285,87.929210025,119.83173919999999,153.8275822,10.29724798,31.902529174999984
321,D,19,102.82976420052631,103.8456922,27.73934375831427,42.69206463,92.02114313499999,123.8418535,152.3367664,15.13992822,31.82071036500001
322,S,18,110.39049521944445,111.65655190000001,20.631131984210942,83.25056999,92.01546506,123.520242975,158.5472302,11.631430905,31.504777915000005
323,D,19,84.31133631052631,90.45156687,28.82440974763175,19.46738861,62.821007449999996,102.83776660000001,127.5859716,11.43410331,40.01675915000001
324,L,19,118.04231051421053,121.2437467,17.395916715876314,83.25056999,111.7901855,124.7876259,164.1980888,13.33430315,12.997440399999988
325,V,19,111.29274542526316,111.5126117,13.719939954342085,90.39171956,100.713049265,124.7876259,127.8675306,11.60588578,24.074576635
326,R,19,90.59478969052631,92.88139014,23.15733181395681,41.625285,75.62411514,108.54601285000001,121.7500168,11.87180204,32.92189771000001
327,Y,19,106.03133369684211,111.6025245,22.483436989811207,71.03494336,89.70947973,112.89802455,169.9690005,12.86293396,23.188544820000004
328,R,19,93.03924567631579,105.4895012,35.00100286939892,20.90647109,62.157369845000005,117.35736375,141.3474809,11.63039117,55.199993905
329,T,19,96.09869038894738,90.45156687,34.51380748262705,31.29624852,77.74123853,116.8721559,168.7474831,11.90496292,39.13091736999999
330,I,19,107.80306150368422,111.6025245,19.955657498830714,67.78845693,95.560943535,124.31473969999999,131.8618765,14.80563873,28.753796164999983
331,S,19,77.43130341947369,90.45156687,46.339394247011775,0.0,52.80445013,101.72068085000001,167.4037868,14.96150714,48.91623072000001
332,K,19,68.30699015578948,85.05731439,46.45712195389201,0.0,26.3723753,103.03600155000001,124.7876259,9.861258523,76.66362625000001
333,I,19,118.74847380947368,124.7876259,30.888856930090302,31.29624852,106.25945915,135.84616855000002,171.5411895,12.67415348,29.586709400000018
334,P,19,48.18012720105263,39.38020292,53.00558650365464,0.0,0.0,87.75444063,150.6463106,7.528574321,87.75444063
335,Q,19,89.3377676131579,103.7095265,40.805689558815516,0.0,57.093047909999996,115.11536100000001,158.2342518,10.65212934,58.02231309000001
336,I,19,126.00572863789473,127.5859716,25.272276429081785,83.25056999,106.97013665,143.74525104999998,167.4037868,17.48393927,36.77511439999998
337,T,19,103.69232653157894,111.6025245,35.23082527858872,0.0,90.227808875,124.5695805,149.5606545,15.90802296,34.34177162500001
338,L,19,120.45037180789474,111.8234342,33.67667552423259,56.74188318,100.381454495,149.51351275000002,180.0212309,16.58960635,49.13205825500002
339,N,19,43.54400926752631,4.622718539,51.77711555891645,0.0,0.0,88.703229025,137.8734336,8.243136572,88.703229025
340,F,19,132.05833039842105,127.5859716,25.122858812272344,85.05731439,124.0813737,155.4205192,167.4037868,13.30155161,31.3391455
341,V,18,103.9809385461111,105.4895012,40.24866038790636,41.625285,72.87928070000001,135.39700557499998,166.7103086,23.015314065,62.51772487499997
342,D,19,45.70514060126316,58.39658295,45.274063508286424,0.0,0.0,83.476231685,138.0582732,15.532950200000002,83.476231685
343,L,19,112.37533425947368,111.6025245,31.98305079472135,62.59249703,95.08629102500001,124.83174045,167.4037868,18.89402697,29.74544942499999
344,K,19,90.57403495736841,96.43749149,25.277320768880582,45.22578344,69.34674330499999,111.6025245,128.8701251,21.23473635,42.25578119500001
345,G,18,80.64816207388888,79.77221216000001,30.548443208587067,0.0,67.8584031575,89.78061373,131.8618765,23.19560215,21.922210572499992
346,D,19,89.9090338,90.45156687,28.20481359491754,26.80598605,65.74676476,106.60616695,128.5234353,19.1429707,40.85940219
347,P,19,90.23658942578948,95.2538568,35.25932640288137,41.81353926,59.24632916,105.5875814,170.1146288,16.76056858,46.34125224
348,F,19,108.60630009315791,111.6025245,26.102766956519027,49.77680492,85.672165065,124.31473969999999,158.2342518,14.95486353,38.64257463499999
349,L,18,100.39927986555556,103.2628336,32.90489397962751,27.90063113,85.35765821,114.61121935,180.9031337,21.756357485,29.253561140000002
350,A,19,90.94103718263158,93.5907194,26.44622263738769,0.0,85.05731439,105.4895012,122.7079504,15.77166201,20.432186810000005
351,S,19,96.88782264789474,85.91111897,33.97979187735596,57.66862381,72.32288191500001,119.82599365,170.1439227,18.92371975,47.50311173499999
352,P,19,73.30612590094738,83.25056999,32.64363553863585,6.277992368,43.155255135000004,99.030881325,116.3960846,20.22054798,55.87562618999999
353,T,19,105.94265715105263,111.6025245,22.319834733652517,62.39381293,89.88373701500001,124.31473969999999,140.2133477,17.25086281,34.43100268499998
354,S,18,110.02493454055555,106.26057255,39.806130089066485,52.7447506,84.79447952000001,124.7876259,180.9031337,18.427188129999998,39.993146379999985
355,D,19,108.59447917631577,111.6025245,23.987678430661116,62.33683351,90.91680078499999,124.7876259,166.9524634,16.03387094,33.870825115
356,R,19,101.50302173842105,105.4600378,36.118188540518084,0.0,87.656178955,113.6981237,158.7804391,15.46981046,26.041944744999995
357,E,19,106.86670384421052,108.1958055,34.7071076189422,61.92092676,81.98934272,124.31473969999999,185.6995869,19.62045497,42.325396979999994
358,I,19,102.48021343421053,105.4895012,28.00260554258606,61.38743776,84.01745818500001,116.00111985000001,175.2094493,17.11193859,31.983661665
359,I,19,88.61613581,85.05731439,32.48538686596424,0.0,63.863000080000006,108.24257765,134.4733486,18.323633365,44.379577569999995
360,A,15,109.68904408933334,105.4895012,53.69918265648003,27.90063113,67.45919407,140.54739525000002,229.8125436,29.615677145,73.08820118000003
361,P,19,84.43476481210526,93.5685635,42.535805806191455,0.0,64.9265035,111.6025245,176.5832835,20.73081005,46.676021000000006
362,K,19,99.25412544789474,95.20110949,17.057364082390734,70.11910584,88.023871345,110.95827845,133.4473085,20.7984775,22.93440710499999
363,I,19,100.50963201473684,94.78305218,32.8807147327255,27.90063113,82.71210377,116.3251003,166.9524634,13.73008819,33.612996530000004
364,K,19,95.17736908421053,93.88874555,29.638432533048714,41.85094669,77.291615255,115.21620340000001,156.4812426,19.62329173,37.924588145000016
365,E,19,108.52441289052632,108.5460128,27.768598483284215,54.27300642,88.378761365,123.71414135,185.4316513,16.554064955,35.335379985
366,R,19,89.52749749736842,84.91633698,31.140555625890126,24.76739408,78.770144545,104.7914165,170.1146288,18.89438758,26.021271955000003
367,T,19,108.01257749578946,108.5460128,24.28621256298007,41.625285,95.52276983499999,122.87470429999999,146.172727,16.8559461,27.351934465
368,H,19,100.65277051789474,105.4895012,20.677793774779733,62.59249703,87.75444063,113.48936075,134.0004343,15.90426515,25.734920119999998
369,N,19,94.36830424157895,92.17015621,28.621989743331536,41.625285,77.90333117,108.5460128,170.1146288,18.18581403,30.64268163
370,V,19,81.05696900736842,82.17363755,37.4245532598383,0.0,57.77050035,104.1175681,162.3676959,16.39931202,46.34706775
371,T,19,84.85830574210526,85.05731439,35.41541267079756,0.0,63.874571024999995,106.9311178,146.1748308,14.14970334,43.056546775
372,E,19,89.36536830421053,97.92089893,33.780130168694,42.52865719,59.778223105,108.54601285000001,158.2342518,14.95743756,48.76778974500001
373,K,18,77.054995745,83.477891985,37.97764313170865,0.0,59.69207661,107.16250092499999,124.7876259,21.14092497,47.47042431499999
374,V,18,55.03138453722222,53.50887851,53.81655081196339,0.0,0.0,99.2221275225,166.50114,22.04491237,99.2221275225
375,T,19,78.4426224831579,73.82490571,29.119787776022115,26.3723753,55.80126225,94.702759465,127.5859716,17.619191475,38.901497215
376,Q,19,63.199357219947366,76.72538802,42.684379918609565,0.0,27.98540756,95.92963979,133.8534202,17.47093982,67.94423223
377,V,19,54.613039259684214,52.7447506,31.767942349447015,0.0,31.41657103,76.225636095,124.7876259,20.37783521,44.809065065
378,L,19,35.77840904473684,26.3723753,33.719692630709055,0.0,1.391650095,58.333409675,97.97053403,17.79676518,56.941759579999996
379,S,19,65.36825025631579,62.39381293,25.32463780154896,26.50774557,52.7447506,78.37487327,125.1849941,18.60146932,25.63012266999999
380,L,18,47.735757418333336,52.7447506,24.579838402513474,0.0,41.8511280475,58.510015705,83.70189338,19.523879309999998,16.658887657500003
381,G,19,80.72134885315789,83.25056999,39.21411840849204,0.0,59.179255695,101.39841399,158.2342518,19.07424359,42.21915829499999
382,A,19,92.64310529473684,105.4895012,46.929993083188776,0.0,63.377867800000004,118.5294058,180.9031337,18.570757205,55.151538
384,V,19,75.93321725568421,83.25056999,27.748563868476197,0.474324288,56.88101112,92.17015620999999,124.3147397,14.11397446,35.28914508999999
385,L,19,87.41835553894737,90.45689837,25.19659820927552,31.29624852,72.92153351,103.45247900000001,123.8418535,12.80487597,30.530945490000008
386,P,19,30.595021839894738,26.3723753,33.77125751928046,0.0,0.0,58.333409675,119.4343474,13.64320859,58.333409675
387,E,19,92.93788316210527,100.1579169,35.50463390599159,0.0,77.763858435,112.4463556,166.50114,16.49287021,34.682497165
388,Y,19,85.27810312315789,85.05731439,23.758760724376874,30.96046338,68.733371575,96.859166835,124.6337882,11.21731151,28.12579525999999
389,K,19,92.3420033031579,90.45156687,32.66338276674767,41.625285,72.92153351,107.017757,167.4037868,14.03380193,34.09622349
390,L,19,69.43078524631578,61.92092676,39.19441027487499,17.332944,45.711178385,84.01745818500001,170.0785736,19.09396898,38.30627980000001
391,Q,19,97.6729804231579,104.9224701,35.66858555364181,0.0,77.337148775,122.05944955000001,158.2342518,13.72002026,44.72230077500001
392,A,19,88.27514439684211,89.02405715,28.61554677139628,43.49908436,62.49315498,111.63235180000001,133.7481648,15.635875,49.13919682000001
393,P,19,84.32658554315789,83.25056999,34.249003837980865,0.0,66.016496265,102.25156150000001,136.61426,18.61776524,36.23506523500001
394,R,19,108.6837465536842,108.5460128,22.616834014604635,62.39381293,92.821464375,124.31473969999999,158.2342518,13.41304164,31.493275324999985
395,I,19,117.28568638947368,123.8418535,31.552378923897784,39.55856295,108.68104065,129.83141175,170.1146288,17.46871351,21.1503711
396,H,19,86.0875996594737,85.05731439,24.925663836902096,52.7447506,62.39381293,108.54601285000001,123.8418535,13.2392663,46.15219992000001
397,R,19,76.80051538263157,78.83122528,20.927815505122254,31.19690647,62.39381293,85.47372239500001,123.8418535,13.55324352,23.079909465000007
398,W,19,54.14353054736842,53.59896296,34.20082756236983,0.0,47.080455885,81.49512101,111.6025245,9.77336725,34.414665125000006
399,T,19,41.98270824789474,46.48407678,42.75619228797305,0.0,0.0,72.82219146,122.9456008,8.74122377,72.82219146
400,I,19,19.913457193157896,0.0,32.886209263862916,0.0,0.0,38.982379115,83.25056999,0.134800222,38.982379115
401,L,19,80.4006283636842,78.75752997,21.168839463839134,55.43118722,62.39381293,94.081452175,124.7876259,13.36034305,31.687639244999993
402,H,19,3.4457339145263157,0.0,14.176825872422935,0.0,0.0,0.0,61.92092676,0.326022794,0.0
403,Y,18,78.387030985,85.05731439,28.764213836020723,0.0,64.117561545,96.13286690000001,124.7876259,13.227602565,32.01530535500001
404,S,19,46.544461419473684,52.7447506,46.74768077147423,0.0,0.0,83.21162068000001,124.3147397,11.0191681,83.21162068000001
405,P,19,89.07844299315789,85.05731439,41.515416775345784,0.25430742,65.03264822,106.3147851,164.021139,14.65947607,41.282136879999996
406,F,19,92.51501792894737,93.3794764,30.566703732682292,18.49041487,68.70882208500001,111.29587015,142.0783702,11.71910661,42.58704806499999
407,K,19,28.300915627894735,30.96046338,29.30778391483428,0.0,0.0,57.342077625,79.11712589,12.86701664,57.342077625
409,V,19,49.24681020289474,29.5487688,52.236901227598125,0.0,0.0,97.80451089499999,142.3661759,11.59997101,97.80451089499999
410,W,19,5.919603285526316,0.0,15.040446100491884,0.0,0.0,0.0,57.81880682,0.23999545,0.0
411,D,19,3.288072482842105,0.0,14.313119913827144,0.0,0.0,0.0,62.39381293,0.005259089,0.0
412,W,19,19.06334460905263,3.515279782,24.55164909114339,0.0,0.0,31.111856420000002,83.31646595,8.834562282,31.111856420000002
413,L,19,48.500766494736844,47.98078208,42.76685315290024,0.0,0.0,84.15394219000001,105.7180052,8.421092016,84.15394219000001
414,I,19,17.320723386473684,0.0,37.02475362118354,0.0,0.0,0.0157402715,124.7876259,0.0,0.0157402715
415,L,19,32.87801316,22.64233047,31.29641396114008,0.0,0.0,64.57871643,85.05731439,10.56152819,64.57871643
416,L,19,38.48737827473684,0.0,48.05170208070421,0.0,0.0,88.27813288,111.6025245,7.358364418,88.27813288
417,L,19,81.2610521631579,90.45156687,47.29201697900985,0.0,57.205433740000004,123.66119795,140.347218,12.4690633,66.45576421
418,V,19,22.041040291052628,0.0,38.35829487579183,0.0,0.0,31.393200565,122.5299527,5.353347965,31.393200565
419,I,19,22.53066948473684,0.0,38.252155650979546,0.0,0.0,33.464933965,109.6077195,3.558075544,33.464933965
420,Y,19,5.224337041578948,0.0,16.21676195756458,0.0,0.0,0.0,62.39381293,0.0,0.0
421,T,19,27.867122070526314,0.0,40.30121042109847,0.0,0.0,31.43109591,125.659127,9.152735874,31.43109591
422,A,19,3.9755504005263163,0.0,12.499368478332796,0.0,0.0,0.0,49.16308231,4.900384742,0.0
423,V,19,5.380155742105263,0.0,23.45155518034692,0.0,0.0,0.0,102.2229591,0.0,0.0
424,F,19,77.29458948894737,84.9346976,49.56487159787202,0.0,38.041284725,114.90212045000001,155.3934246,12.06206676,76.86083572500002
425,T,19,42.85102253210526,35.34584975,45.296325419257165,0.0,0.0,84.969645815,130.1388704,11.28527165,84.969645815
426,P,19,2.776039505263158,0.0,12.100475666718754,0.0,0.0,0.0,52.7447506,0.0,0.0
427,Y,19,6.520158889473684,0.0,28.420713695044174,0.0,0.0,0.0,123.8830189,0.0,0.0
428,S,19,78.41035101389474,83.70189338,56.96933838394446,0.0,33.514846995,115.6437726,166.9524634,11.86078506,82.128925605
429,A,19,45.72986330105263,50.51352284,47.27493888781936,0.0,0.0,87.41558538,147.1754608,14.54939242,87.41558538
430,A,17,16.27856156882353,0.0,34.28737632180759,0.0,0.0,0.0,105.4895012,18.56652095,0.0
431,F,18,8.413974820888889,0.0,24.897056543494013,0.0,0.0,0.0,88.98873561,0.1639546255,0.0
432,L,19,76.12265148473683,83.25056999,48.78176286827035,0.0,40.322690865,106.85387035,166.50114,17.410499485000003,66.531179485
433,L,19,131.09997532210528,138.2661653,39.51884379854071,41.37951226,112.9719474,158.2342518,179.4947575,20.12536583,45.262304400000005
434,K,19,77.07731358736842,72.92153351,41.86813798892521,0.0,47.636703895,106.0245606,155.4710044,18.65318366,58.387856705000004
435,E,19,95.47662849105264,92.88139014,27.449728678617927,47.1850178,79.11712589,115.7312058,151.0892451,16.64977785,36.61407991
436,T,19,79.53731604578947,83.47623169,36.68004974683183,0.0,60.43016868,106.5228622,130.5554135,20.42063465,46.092693520000005
437,E,19,115.16770954578946,117.722189,44.67588414161612,0.0,92.86248733,144.73571679999998,180.9031337,18.71022949,51.873229469999984
438,E,17,102.66319380941177,118.1950752,42.558801293718645,27.90063113,69.52591612,128.8522012,167.4037868,17.687797795,59.32628507999999
439,G,19,93.79745586210527,90.45156687,35.73391047041202,26.02942918,68.52666039500001,121.05899195,174.1534603,16.60183666,52.532331555
440,P,19,95.76590035894738,90.45156687,29.1940443629831,52.7447506,71.31173082000001,115.71125445,166.50114,19.53507441,44.39952362999999
441,P,18,92.85486584277777,101.289991325,47.08895823332322,0.0,57.499070945,129.51776575,166.50114,20.360574845000002,72.018694805
442,A,19,82.4297042631579,85.05731439,48.20968260352697,0.0,59.745104260000005,110.99260575,170.1302247,12.430005535,51.24750148999999
443,T,19,82.59543266052633,85.05731439,50.31423348641604,0.0,54.273006425000005,112.1060809,171.998516,20.370411865,57.83307447499999
444,E,19,117.75687706578947,123.8418535,32.26819442417551,61.92092676,93.14959239000001,134.84091285,170.1146288,21.379551929999998,41.691320459999986
445,C,18,0.0,0.0,0.0,0.0,0.0,0.0,0.0,0.06700566150000001,0.0
446,G,19,80.2673184131579,69.52591612,59.902596227622006,0.0,60.85946103,112.97376281000001,208.126425,15.70893337,52.11430178000001
447,Y,19,44.61341995210526,33.03714342,47.45536042715696,0.0,0.0,64.33458824,167.4037868,15.2520971,64.33458824
448,A,19,99.26082810157895,108.5460128,58.463849503937254,0.0,69.52591612,132.82310124999998,203.9929809,16.27937114,63.297185129999974
449,C,19,1.3893283956315792,0.0,6.049923611850544,0.0,0.0,0.0,26.3723753,0.007567616,0.0
450,Q,19,59.46936241542105,64.4622538,41.31296731773346,0.0,21.519854685,84.39608258,124.7876259,16.146141525,62.876227895
451,P,19,80.81165457552632,62.59249703,54.691096987165395,0.0,31.402392845,124.31473969999999,177.5906389,17.17282975,92.91234685499998
452,L,17,66.93638265941176,63.26504548,30.255337431388767,0.0,52.7447506,90.45156687,108.8178599,15.38467863,37.70681626999999
453,A,19,54.61951319052631,61.07332728,43.511335010916305,0.0,28.444398704999998,68.78177271000001,166.50114,13.447888975,40.337374005000015
454,V,19,36.304684176631575,0.0,47.0295550516743,0.0,0.0,68.13780868,132.8386581,9.733659698,68.13780868
455,V,17,36.648742989411765,0.0,49.86742475027504,0.0,0.0,62.39381293,131.7993684,13.244316365,62.39381293
456,D,19,35.30726485157895,0.0,55.1030809880856,0.0,0.0,84.15394219000001,147.7151084,9.585883837,84.15394219000001
457,L,19,51.087525544526315,62.16697331,32.706275738123374,0.0,22.516786585,75.910804955,90.45156687,11.98638601,53.394018370000005
458,I,19,31.511816428789476,9.966352717,39.21157616546868,0.0,0.0,56.841293065,130.1949428,7.370852743,56.841293065
459,V,18,58.88080992766667,55.472888430000005,53.06403539486449,0.0,0.0343650295,101.73001761750001,166.50114,12.824362975,101.69565258800002
460,D,19,45.340254073736844,9.96919243,51.952542558153716,0.0,0.0,92.491215695,158.5498319,12.04503292,92.491215695
461,I,19,36.551138102421056,31.19690647,40.35364885140039,0.0,0.0,47.848133555000004,128.4763534,13.18253276,47.848133555000004
462,M,19,40.890391828842105,24.77762244,46.740992537644445,0.0,0.0,71.33957824000001,124.7876259,11.09398967,71.33957824000001
463,F,19,1.9530876863157896,0.0,8.513311852524193,0.0,0.0,0.0,37.10866604,0.0,0.0
464,I,19,54.62925109894737,62.39381293,46.136225037006206,0.0,0.0,90.374397245,124.3429093,15.52468777,90.374397245
465,V,19,39.09033677589474,6.326722958,47.405613873144205,0.0,0.0,85.709573645,137.802065,21.81259257,85.709573645
466,D,19,0.8147490363157894,0.0,3.551408713647677,0.0,0.0,0.0,15.48023169,0.0,0.0
467,I,19,22.411292917894738,0.0,40.928647685640584,0.0,0.0,28.611869115,124.7876259,6.766649758,28.611869115
468,L,19,34.966202165263155,0.0,50.35794514715019,0.0,0.0,75.078511315,166.50114,7.927947263,75.078511315
469,I,19,22.05050686894737,0.0,31.99661332742004,0.0,0.0,55.802922555,83.25056999,4.568808626,55.802922555
473,T,19,20.119657589526316,0.0,38.557380682966276,0.0,0.0,13.729305260499999,123.8418535,0.217396453,13.729305260499999
477,N,19,91.05866739352632,97.56252992,32.95155794956092,8.584581597,77.99842776,108.17208819999999,132.9581621,14.39743428,30.173660439999992
478,A,19,115.28704250473685,117.3957846,15.504547283863115,81.14142165,105.3244368,129.4406268,139.6509785,17.32072009,24.11618999999999
479,N,19,101.75680089210526,106.6329744,21.25116745510023,48.04172574,97.42122608,117.3957846,130.4846924,17.50750082,19.974558520000002
480,E,19,107.02820956789473,113.7737331,30.790152556163584,28.3827001,105.3244368,129.3302804,134.7161616,15.31006197,24.00584359999999
481,E,19,87.58310181473685,97.56252992,30.63250932530221,0.0,66.03919709499999,105.3244368,117.467713,17.028880555,39.28523970500001
482,V,19,36.55811147368421,37.66205889,33.063023317869416,0.0,0.0,64.72031338,101.4015656,10.65767025,64.72031338
483,V,19,38.2882623268421,0.0,49.852874996012915,0.0,0.0,81.06367816,129.4406268,2.249509866,81.06367816
484,S,19,94.03765687789473,100.7710282,23.657249812131344,26.33110921,84.89009818,108.0614526,129.4406268,16.8623872,23.17135442
485,H,19,93.83224127210526,101.0371212,29.02090962662175,0.0,93.100652315,105.3244368,128.3032396,17.28318189,12.223784484999996
486,P,19,55.33731648421053,64.72031338,36.772481221263405,0.0,32.036770610000005,73.992487885,117.68035,14.86009783,41.955717275
487,G,19,112.59552103578947,119.10303,18.414644902688128,68.04926556,103.180779,127.95576405,132.9581621,17.8947039,24.774985049999998
488,R,19,91.15714770210526,91.42900884,22.56397893477204,44.31938736,74.67575478,106.6149764,129.3373961,18.27877321,31.939221619999998
489,I,19,23.258135219473683,0.0,38.678980104534034,0.0,0.0,41.23015268,117.3957846,4.878126496,41.23015268
490,A,19,31.50894477473684,20.24519745,33.51644335629824,0.0,0.0,64.71829147,88.63877471,12.44651305,64.71829147
491,V,19,95.98699505210527,100.4890449,29.770731010728323,0.0,91.28560543,108.4638903,137.8250354,17.29211036,17.17828487
492,H,19,63.93938028736843,67.35808081,30.47178889178909,0.0,48.78126496,92.063773145,105.3244368,15.64195847,43.282508185
493,Y,19,0.0,0.0,0.0,0.0,0.0,0.0,0.0,0.0,0.0
494,F,19,55.01584841894737,52.66221841,54.543562218804624,0.0,0.0,107.47915726,132.9581621,13.29479444,107.47915726
495,K,19,62.08042041736843,61.39474544,32.04892724641097,0.0,48.78126496,81.30422128500001,119.10303,14.58052049,32.52295632500001
496,G,19,54.28633818631579,52.66221841,44.52687517782808,0.0,12.19531624,93.100652315,122.42143,12.82556948,80.90533607500001
497,W,19,47.00310764315789,48.78126496,28.59827506478341,0.0,34.35500992,64.72031338,100.3217382,12.46951033,30.365303459999993
498,F,19,21.1380153,0.0,32.74228167344672,0.0,0.0,53.754454055,88.63877471,10.70481357,53.754454055
499,L,19,76.04420315052631,105.3244368,49.661473344316,0.0,34.188720695,115.98140535,132.9581621,14.62901332,81.792684655
500,I,19,46.91807284263158,43.82647094,47.28841512291198,0.0,0.0,85.02748284500001,129.4406268,12.27411504,85.02748284500001
501,D,18,1.2310940933333334,0.0,5.223089890048226,0.0,0.0,0.0,22.15969368,8.0152666735,0.0
502,M,19,62.429652375789466,88.63877471,58.09038916283324,0.0,0.0,111.91220795000001,146.3437949,9.839206324,111.91220795000001
503,V,19,62.28645295736842,90.06109348,55.6222514844086,0.0,0.0,111.35348429999999,129.4406268,9.622582973,111.35348429999999
504,A,19,21.868817883684212,0.0,37.927964931432264,0.0,0.0,30.510126295,129.4406268,7.892193079,30.510126295
505,A,18,55.048823273888885,59.266970845,45.691776833486976,0.0,0.0,93.5215058425,119.10303,15.19376583,93.5215058425
506,I,19,43.06285233789474,52.66221841,39.53790127210916,0.0,0.0,69.553638465,101.5177418,13.90959287,69.553638465
507,P,19,7.459053385263158,0.0,18.777767334228866,0.0,0.0,0.0,67.35808081,9.622582973,0.0
508,F,19,56.94445131421053,60.5055503,30.744861700850493,0.0,47.487110220000005,73.798912315,103.180779,17.40193856,26.31180209499999
509,D,19,112.58995393736842,111.3601107,15.155806234040389,76.67954405,101.4434834,123.52730735,138.7853874,20.51721612,22.083823949999996
510,L,19,116.36116742842104,110.7984684,19.6420553537797,85.62766358,101.2403023,127.4099574,155.3768894,14.59836919,26.1696551
511,L,19,99.22174204947369,99.04817883,19.542489881081345,52.66221841,88.63877471,115.13873964999999,131.655546,16.11695532,26.499964939999984
512,I,19,117.81509729999999,117.6635476,8.43839932093976,105.3244368,114.2720422,121.26061785,130.5480864,17.0804134,6.988575650000001
513,F,19,119.92929779578947,119.10303,10.069884622784828,97.56252992,113.72973089999999,128.3010926,132.9581621,20.43923679,14.571361700000011
514,G,19,71.2693159168421,64.72031338,32.254621627179944,26.33110921,44.367380705,97.56252992,129.4406268,16.64954809,53.195149215
515,S,19,103.13801393,105.3244368,19.882778595789006,64.72031338,89.944178445,114.37794765000001,132.9581621,19.18211523,24.433769205000004
516,G,19,90.80839027052632,101.4434834,30.75921352108991,18.53552942,66.03919709499999,115.74645555000001,129.4406268,19.89980254,49.707258455000016
517,S,19,127.33414684578948,131.1993944,17.37680326638389,97.08047007,117.82259595,133.83716185,161.8007835,21.09266277,16.014565900000008
518,E,19,124.80147200631578,129.4406268,24.642802367834165,75.95121634,110.85053275,138.77159465,164.3505024,19.14921023,27.921061899999998
519,E,19,118.09978985999999,119.10303,25.674174323610966,60.4994657,105.3244368,132.9581621,157.9866552,18.82084913,27.63372530000001
520,L,19,54.340590580000004,55.05080086,32.76793947756116,0.0,23.999325305,73.9897484,105.3244368,15.16285728,49.990423095
521,I,19,85.25337099889474,97.56252992,30.604461010132248,4.532458379,69.70101395500001,103.3839601,129.4406268,19.02213167,33.68294614499999
522,G,19,87.04830418052632,97.56252992,41.46559260643738,0.0,66.36170623,112.3369684,146.3437949,16.37020732,45.97526217000001
523,L,19,50.270630414421056,51.9598954,34.289683743409284,0.0,32.65503343,65.323007575,111.3601107,11.27418551,32.667974145
524,L,19,23.64053618368421,0.0,32.9424110960086,0.0,0.0,56.75078917,81.14142165,9.86204791,56.75078917
525,K,19,5.9467771398947376,0.0,14.315554900215467,0.0,0.0,0.0,48.78126496,7.966025682,0.0
526,T,19,53.79035257789474,50.72174169,49.35783248130447,0.0,0.0,105.3244368,131.1993944,9.622582973,105.3244368
527,A,18,59.11232286333333,66.22545608499999,46.83470417040336,0.0,0.0,96.82644135,129.4406268,16.680184060000002,96.82644135
528,R,19,25.001932365789475,0.0,34.74043032778558,0.0,0.0,46.55032616,97.56252992,11.05715596,46.55032616
529,L,19,27.362142634210528,0.0,33.89203460339344,0.0,0.0,64.72031338,88.63877471,11.01235701,64.72031338
530,L,19,88.48144336526316,113.6387996,51.31863897795038,0.0,69.2225833,119.10303,146.3437949,12.26107759,49.88044670000001
531,R,19,62.93398953789474,71.61170387,39.12650433503898,0.0,39.89493334,97.56252992,119.10303,12.86073196,57.66759658
532,L,19,44.1435756031579,23.27516308,47.620431781195556,0.0,0.0,93.100652315,115.6816332,10.90716309,93.100652315
533,V,19,99.61143715736841,97.56252992,25.213977271946103,46.55032616,90.74919855,112.2137334,154.5662872,16.83769493,21.464534849999993
534,R,19,29.76154017,0.0,39.287676150873665,0.0,0.0,74.11612962999999,97.56252992,11.31142314,74.11612962999999
535,V,19,67.25759774842106,74.67639089,35.04247027168228,0.0,46.55032616,89.35197578500001,123.2521884,17.6797886,42.80164962500001
536,A,19,74.62055265842106,73.69786891,24.58753401710852,32.36015669,52.556634395,97.56252992,117.3957846,17.44083954,45.005895525
537,R,19,59.56670376473684,64.72031338,29.20821015395375,0.0,52.66221841,75.39004979500001,105.3244368,16.09921816,22.72783138500001
538,K,19,41.30864363789474,48.78126496,31.80537288984081,0.0,20.360151865,54.673079494999996,126.5259984,12.94406268,34.31292763
539,L,19,59.34632685105264,50.72174169,39.663666137124764,0.0,44.057931440000004,95.33159111500001,129.4406268,14.58052049,51.273659675000005
540,D,19,81.90326838947368,86.13542615,15.991753379004527,58.69789229,64.72031338,93.10065231,112.2137334,19.4294552,28.380338930000008
541,R,19,69.57494777578947,66.94479975,26.00750184032933,0.0,64.72031338,88.63877471,105.3244368,17.80094077,23.918461330000014
542,Y,19,78.51260152473685,82.02080548,34.13987112459266,0.0,59.251336435,103.88675565,129.4406268,15.32108881,44.635419215
543,S,19,93.11651334157895,97.56252992,23.349343849207067,50.72174169,67.35808081,108.0614526,132.9581621,17.7298679,40.70337178999999
544,E,19,66.15606381842105,71.59603662,37.618299012884684,0.0,45.432873145,90.86971351,119.10303,16.51666306,45.436840364999995
545,Y,19,70.96026604789473,64.72031338,31.48103531609532,0.0,53.02243032,88.28815236,134.7161616,14.45488842,35.26572204
546,G,19,75.19432463631578,68.71001984,29.064478803122327,31.39053796,52.66221841,97.56252992,128.9463566,14.89497461,44.90031151
547,A,19,97.66730661894736,106.6405825,36.319358467889025,0.0,82.21927544,127.4099574,132.9581621,19.60724823,45.19068195999999
548,A,19,68.32083963000001,64.72031338,36.93839270164231,0.0,48.78126496,85.63239098,154.0722892,17.0903604,36.851126019999995
549,V,19,105.48054888052631,111.1791229,23.610361609822903,39.49666381,97.60874275500001,119.6744735,134.7161616,20.37731756,22.065730744999996
550,L,19,38.04374457263158,19.90646619,47.42859217835198,0.0,0.0,59.286724955,129.4406268,13.92570752,59.286724955
551,F,19,51.72875985368421,52.66221841,51.21218601389428,0.0,0.0,103.3839601,119.10303,17.13561487,103.3839601
552,L,19,55.8524623863158,66.86499243,39.36668356813211,0.0,19.288498415,90.86971351,108.0614526,15.39141849,71.581215095
553,L,19,76.51113619947368,85.90044862,40.88066886618755,0.0,50.721741685,105.9177948,132.9581621,14.123965065,55.196053115
554,M,19,52.68325345368421,62.93892272,45.64604643308817,0.0,0.0,86.976916555,129.4406268,11.82755074,86.976916555
555,C,19,42.89319301578948,0.0,48.61104771431737,0.0,0.0,91.36311047500001,119.10303,9.622582973,91.36311047500001
556,T,19,78.38552814157894,97.56252992,51.41213787435098,0.0,51.69198005,125.8395195,144.078534,12.57067594,74.14753945
557,F,19,44.01787033931579,27.9578937,49.65104562853357,0.0,0.0,78.246688705,132.9581621,12.77654027,78.246688705
558,A,19,52.25189493736842,0.0,57.84537296854854,0.0,0.0,106.6732825,131.655546,14.92244274,106.6732825
559,L,19,11.212061172631579,0.0,27.934786528635275,0.0,0.0,0.0,97.56252992,0.0,0.0
560,I,19,36.84271252894737,0.0,48.03866595884301,0.0,0.0,82.46030536500001,117.3957846,9.622582973,82.46030536500001
561,A,19,13.695947074210528,0.0,20.662463572240977,0.0,0.0,28.951595505,56.36464577,6.578134377,28.951595505
562,H,19,1.2837174989473685,0.0,5.595594849966361,0.0,0.0,0.0,24.39063248,0.0,0.0
563,W,19,4.421109865263158,0.0,8.834854427162421,0.0,0.0,0.0,22.71142903,7.746042126,0.0
564,L,19,12.65484251368421,0.0,25.412925126946114,0.0,0.0,0.0,68.06316579,7.523174059,0.0
565,A,19,0.0,0.0,0.0,0.0,0.0,0.0,0.0,4.811291486,0.0
566,C,19,0.0,0.0,0.0,0.0,0.0,0.0,0.0,0.0,0.0
567,I,19,18.465935613157896,0.0,29.905743449113434,0.0,0.0,37.50369644,86.87453158,0.0,37.50369644
568,W,19,2.3325993347368423,0.0,10.167564775888097,0.0,0.0,0.0,44.31938736,3.757668964,0.0
569,Y,19,17.173956443157895,0.0,40.9876586517328,0.0,0.0,0.0,123.4182057,5.058545672,0.0
570,A,19,43.89923912052632,0.0,52.14126955116609,0.0,0.0,99.50300666000001,129.4406268,9.789558372,99.50300666000001
571,I,19,1.7031661415789472,0.0,7.423929095202719,0.0,0.0,0.0,32.36015669,3.69328228,0.0
572,G,19,5.806051848631579,0.0,10.246434199806297,0.0,0.0,8.489123617,32.36015669,9.090847559,8.489123617
573,N,18,98.96587311833333,117.3957846,48.911754895429866,0.0,81.9002905175,129.4406268,179.0276834,16.100178,47.54033628249999
574,M,19,57.757261341578946,52.66221841,46.18072391075632,0.0,6.85088731,99.61872081,121.5357023,12.37286266,92.7678335
575,E,19,16.558984264736843,0.0,24.028285130897366,0.0,0.0,30.02464845,82.46030536,9.591927315,30.02464845
576,Q,19,116.97877160736842,105.3244368,67.62818435210214,24.24700074,82.36069362,132.9581621,352.1873537,17.30789856,50.59746848
577,P,17,128.7769975217647,132.9581621,35.937441643452985,32.36015669,125.1769733,146.3437949,179.2012018,23.90857264,21.166821600000006
579,M,19,119.26165975473685,129.4406268,35.55569368025447,20.52860815,108.0614526,146.3437949,158.4764683,20.80191652,38.28234230000001
580,D,19,77.21900305,80.39410505,41.67719945947763,0.0,60.01014961,106.18724714999999,132.9581621,14.976042,46.17709753999999
581,S,19,100.02184979384211,105.3244368,37.70311362114849,9.172411553,88.718334885,119.10303,170.2523675,19.05875295,30.384695115
582,R,19,88.83451914210525,114.0375326,56.550154670102806,0.0,38.317716745,137.18357005000001,152.1652251,14.6834739,98.86585330500002
583,I,19,63.97362540905264,64.72031338,38.53246714616822,0.0,32.87494246,93.1347293,143.713641,17.14720132,60.259786840000004
584,G,19,9.188350563368422,0.0,23.060723511876215,0.0,0.0,0.843619492,88.63877471,9.622582973,0.843619492
585,W,19,8.58777719631579,0.0,14.945906688747995,0.0,0.0,12.2970925,48.78126496,10.41119555,12.2970925
586,L,19,7.601496539578947,0.0,16.95391797152181,0.0,0.0,2.982601911,64.72031338,10.94671322,2.982601911
587,H,19,48.83934327757895,36.93176804,44.916677728774864,0.0,2.859257947,76.04495293,132.9581621,9.790427207,73.18569498299999
588,N,19,93.63368360736843,123.7148453,59.1141517287162,0.0,34.35500992,132.9581621,167.5251686,16.14319082,98.60315218000001
589,L,19,7.830868753684211,0.0,16.01788960420011,0.0,0.0,0.0,48.78126496,11.02275816,0.0
590,G,19,18.77160197526316,0.0,33.99364593064642,0.0,0.0,30.270024149999998,132.9581621,9.784356564,30.270024149999998
591,D,19,90.66602336821052,105.3244368,42.712160056395426,0.0,59.03991125,125.379288,132.9581621,11.76243473,66.33937675
592,Q,19,17.26422832405263,0.0,29.708675781077993,0.0,0.0,31.934701715000003,105.3244368,9.622582973,31.934701715000003
593,I,19,12.203338899315789,0.0,22.39346195651058,0.0,0.0,19.01409654,88.63877471,9.479453205,19.01409654
594,G,19,12.189323764526316,0.0,20.191092831929705,0.0,0.0,14.187697295,68.94610541,9.756252992,14.187697295
595,K,19,1.4934596510526315,0.0,4.490263163776845,0.0,0.0,0.0,15.35217544,6.28116695,0.0
596,P,19,4.672718426842105,0.0,12.779313764246176,0.0,0.0,0.0,50.72174169,6.79728955,0.0
597,Y,19,9.472583688421052,0.0,14.831808530705992,0.0,0.0,18.64734522,48.78126496,9.730274694,18.64734522
598,N,19,32.55222510263158,39.21658001,33.37377582731957,0.0,0.0,50.712313035,97.56252992,12.04001127,50.712313035
599,S,19,73.49671487789475,64.72031338,37.380726598332885,0.0,50.26113805,100.499966645,138.3112456,17.19619477,50.238828595
600,S,19,66.83041666315789,64.72031338,40.48600037089385,0.0,47.66579556,97.20233867,152.1652251,16.57261343,49.536543110000004
601,G,19,9.610559535210527,0.0,18.09910195266967,0.0,0.0,9.5023325925,67.35808081,9.175815427,9.5023325925
602,L,19,109.79356351842107,110.7984684,26.884808567824205,52.66221841,91.64372887,130.3200106,157.9866552,17.11799173,38.676281729999985
603,G,19,7.465624798947368,0.0,14.02833284997967,0.0,0.0,9.03393809,48.78126496,9.517048158,9.03393809
604,G,19,2.844705938157895,0.0,8.076195070679884,0.0,0.0,0.0,33.23954052,10.10333965,0.0
605,P,19,5.894781088842105,0.0,15.711123691266202,0.0,0.0,0.0,64.72031338,9.622582973,0.0
606,S,19,14.063206209473684,0.0,34.099769907827145,0.0,0.0,0.0,101.4434834,9.622582973,0.0
607,I,19,36.84161573842105,22.15969368,43.6864806613565,0.0,0.0,57.721027535,119.10303,10.39572409,57.721027535
608,K,19,87.6744609,99.98555909,43.181231052716484,0.0,51.69198005,119.10303,132.9581621,13.1655546,67.41104995
609,D,19,8.270673924210527,0.0,24.77410123767756,0.0,0.0,0.0,78.99332762,0.0,0.0
610,K,19,32.54915716263158,24.39063248,37.79174701983397,0.0,0.0,49.751503325,119.10303,10.69045176,49.751503325
611,Y,19,0.0,0.0,0.0,0.0,0.0,0.0,0.0,0.462428858,0.0
612,V,19,8.450742795263158,0.0,33.55082192542198,0.0,0.0,0.0,146.3437949,9.364077237,0.0
613,T,19,3.4063322831578944,0.0,14.847858190405438,0.0,0.0,0.0,64.72031338,0.0,0.0
614,A,19,2.7716957057894738,0.0,12.08154148378196,0.0,0.0,0.0,52.66221841,0.0,0.0
615,L,19,3.4063322831578944,0.0,14.847858190405438,0.0,0.0,0.0,64.72031338,0.0,0.0
616,Y,19,25.59719904,0.0,41.26048370811138,0.0,0.0,54.51985037,115.9857887,14.32821375,54.51985037
617,F,19,2.6789077942105264,0.0,9.02224663653771,0.0,0.0,0.0,37.8230731,7.847814516,0.0
618,T,19,43.62978212684211,0.0,60.54792292199522,0.0,0.0,113.6387996,146.3437949,4.470575539,113.6387996
619,F,19,37.89647142631579,0.0,49.57745340985195,0.0,0.0,71.98535382,119.10303,9.622582973,71.98535382
620,S,19,19.413685043157894,0.0,34.84155304927672,0.0,0.0,28.36276647,105.3244368,8.777036402,28.36276647
621,S,19,70.67844496421053,48.78126496,60.05988740869951,0.0,12.19531624,131.19939445,146.3437949,18.94744432,119.00407821
622,L,19,6.562050824736842,0.0,21.522053336856906,0.0,0.0,0.0,88.63877471,0.0,0.0
623,T,19,38.244506819473685,34.19501725,44.23033043868325,0.0,0.0,54.050896845,139.6509785,11.56401043,54.050896845
624,S,19,66.47664440473685,67.35808081,55.333623651761016,0.0,0.0,105.9382511,168.395202,14.40509217,105.9382511
625,V,19,32.006240931526314,11.51815947,43.69420601156601,0.0,0.0,49.415698035,132.9581621,14.58365549,49.415698035
626,G,19,11.060535874210526,0.0,28.394415528247055,0.0,0.0,0.0,117.3957846,10.05273768,0.0
627,F,19,37.67652998894737,43.52853809,37.537124218296725,0.0,0.0,50.721741685,132.9581621,12.56967974,50.721741685
628,G,19,22.497931898578948,0.0,44.116010133612484,0.0,0.0,6.3575380965,126.0305961,7.588165623,6.3575380965
629,N,19,2.592442708947368,0.0,8.802007640483769,0.0,0.0,0.0,37.06109523,7.386564559,0.0
630,V,19,12.843605291052631,0.0,35.20693781845686,0.0,0.0,0.0,148.7905347,5.434580671,0.0
631,S,19,24.302981079473685,0.0,36.84837658467765,0.0,0.0,49.751503325,117.3957846,10.25624587,49.751503325
632,P,19,5.42840564263158,0.0,18.287835273104324,0.0,0.0,0.0,76.67954405,9.029848422,0.0
633,N,19,17.32818106763158,0.0,35.038702901242694,0.0,0.0,13.18017127,134.7161616,8.850274465,13.18017127
634,T,19,0.0,0.0,0.0,0.0,0.0,0.0,0.0,0.0,0.0
635,N,19,1.7360607373684211,0.0,5.30568254797771,0.0,0.0,0.0,19.65159977,3.69328228,0.0
636,S,19,87.19791358447368,105.3244368,44.96957585180493,0.609425745,50.721741685,129.4406268,134.7161616,13.73522167,78.71888511499999
637,E,19,2.1382083072105265,0.0,8.605630972905775,0.0,0.0,0.0,37.55618708,7.399031819,0.0
644,V,14,30.274305513714285,0.0,56.457247686771986,0.0,0.0,27.6660086675,182.5919275,0.0,27.6660086675
645,M,19,21.922689427526315,5.203216714,27.463097579679946,0.0,0.0,40.05413792,82.97255456,6.4632342455,40.05413792
646,L,19,41.77285998589474,21.68386238,48.111900705146724,0.0,0.0,74.16713636,164.3400743,8.130191452,74.16713636
647,I,18,35.85607789861111,10.0157585325,44.05394683038682,0.0,0.0,85.853216215,122.7436234,7.729144392,85.853216215
648,G,18,6.795620254999999,0.0,22.316266690349295,0.0,0.0,0.0,91.29596377,0.0,0.0
649,S,19,62.36073574421053,64.33902905,43.90984712416099,0.0,35.91239798,81.733698245,164.0875958,10.9802117,45.821300265
650,L,19,25.18857880289474,5.610435582,33.06544007451098,0.0,0.0,42.554867345,103.5829071,5.197335345,42.554867345
651,M,19,44.329916558,31.67075666,45.01867551909236,0.0,0.0,79.079685465,123.923419,6.751244842,79.079685465
652,Y,16,124.22499056125,123.5075904,48.90095024639461,31.02520082,91.29596377,170.488290925,182.5919275,6.005089895999999,79.192327155
653,A,19,54.024949961999994,58.26954148,46.8198081004373,0.0,9.839878728999999,81.29034903499999,165.8016942,12.31299289,71.450470306
654,S,19,60.70864931210526,82.90084708,46.1923061314265,0.0,7.353673615,103.93635805,109.1326723,10.52084348,96.58268443499999
655,I,19,45.87718363889474,34.41159428,30.651850646097767,1.354649559,19.528320335,74.13978532499999,102.7227479,7.394710846,54.61146498999999
656,F,19,48.085216857368415,47.25532679,28.80368524450747,11.34961894,22.89917723,63.94934256,110.5939508,6.646348366,41.05016533
657,G,19,43.478188712157895,41.01320372,30.32101687555016,0.0,21.21783019,68.817295265,90.80785825,10.12341396,47.599465075
658,N,19,62.53270974352631,45.24858158,42.55642101938055,7.160467747,24.79627472,98.71579971,138.1680785,7.95463288,73.91952499
659,V,19,29.53926631657895,20.28799195,30.42605333738776,0.0,4.2936547325,43.617108945,101.5960349,10.0029687,39.323454212499996
660,S,18,64.58846521444444,66.070892755,43.651906240371424,0.0,32.2139806175,96.02829341500001,151.7883951,8.933419342,63.81431279750001
661,A,19,81.20467972526316,77.4014717,43.43270944062126,0.0,55.927159925,106.66961823,165.8016942,11.94730683,50.742458305
662,I,19,38.33366509368421,34.03521526,26.65759318915968,0.0,21.493264930000002,45.954692785,97.93234992,12.23395582,24.461427854999997
663,I,19,44.38046646294737,39.86564732,40.6483299457559,0.0,1.670739388,85.0083276,111.4641158,9.776092066499999,83.337588212
664,Q,19,81.98179628947368,79.95122523,23.66694963127424,46.82091113,60.86397585,96.127647735,128.5045256,12.96083896,35.263671884999994
665,R,19,86.36152236842105,82.04379792,25.399300267617523,53.25597887,61.457188744999996,101.93302270000001,129.2736321,14.646317334999999,40.47583395500001
666,L,19,80.8176727063158,82.94259956,34.98545176826099,0.0,61.160582295,109.60128800000001,132.3178627,14.38715932,48.44070570500001
667,Y,18,75.33992231611111,82.065151875,32.98013996570856,0.0,56.595784105,97.8023449275,117.3725812,9.6777372045,41.2065608225
668,S,19,89.30904582315789,97.38236136,36.384041534092006,20.51094948,72.389819815,107.33873224999999,162.3039356,16.72583899,34.948912435
669,G,19,86.77404628315789,100.1130872,37.234695768072136,20.28799195,64.97705864,109.06420595,162.0210973,11.19082579,44.087147310000006
670,T,19,84.7851647931579,86.6895287,38.907895147523256,0.0,55.48187611,101.1985035,182.5919275,16.59700497,45.71662739
671,A,18,94.93182805444445,90.60832060999999,35.35024042508194,19.29004275,77.278598105,121.142316875,165.8016942,16.190326419999998,43.863718770000006
672,R,19,86.99334926421052,86.87056229,24.96291447560217,43.99634899,72.57437833,97.84597529999999,135.9599647,16.58621554,25.27159696999999
673,Y,18,27.319630192277778,2.8570338855,34.32032549479323,0.0,0.0,59.74725576,92.57839194,5.642545517,59.74725576
674,H,19,53.185072301052635,42.42792687,35.887151442335615,13.26532571,25.587872255,67.730240025,143.5927183,10.29157382,42.14236777
675,T,19,99.37743827421053,103.7112974,20.518664797208555,23.04214577,97.455249995,108.58920025,121.7279517,12.55874088,11.133950255000002
676,Q,19,62.37462183052631,46.52589262,44.10686284396625,0.0,32.081217965,96.935323645,162.3039356,10.19962077,64.85410568
678,L,19,102.41540541894737,105.7446441,30.597338642380606,0.0,94.394001385,119.1161945,141.6146249,12.952310945,24.72219311500001
679,R,19,110.02210855263156,110.7514173,44.39392363922667,31.02520082,86.66902826,129.56721975,184.3715662,21.38215582,42.89819148999999
680,V,19,37.19362440794737,20.28799195,43.04342088699267,0.0,1.4074356865,60.6788602,152.1599396,7.608476062,59.2714245135
681,R,19,44.11093640178947,31.13658746,42.57578604066368,0.0,10.358728142,74.93744821,148.966695,11.64547041,64.578720068
682,E,19,36.78969987757895,26.08456108,35.889060655551695,0.0,4.7387682965,60.437808270000005,98.79921956,8.556350553,55.69903997350001
683,F,19,9.27794069536842,5.533088714,14.662850980922608,0.0,0.0,8.583381207,50.10218605,5.059979341,8.583381207
684,I,19,32.398836878894734,10.14399597,43.15929992172433,0.0,0.0,75.84338908,114.2874632,8.5485934375,75.84338908
685,R,19,38.261439774473686,27.75461654,40.37154733853816,0.0,3.7064600675,62.00955213,123.4942215,8.666307296,58.3030920625
686,F,19,77.08812102473685,93.57588163,47.73636910522296,0.0,44.102119529999996,106.4651667,145.051461,14.39382328,62.36304717
687,H,19,37.340907905,40.5759839,34.31650009840811,0.0,8.0200961465,53.5708678,122.663933,8.54850542,45.5507716535
688,Q,19,53.07301416894737,43.58414199,45.68915558275938,0.0,4.52528452,95.410137635,129.9700625,8.193354074,90.884853115
689,I,17,12.337171676,0.0,25.389965651384195,0.0,0.0,5.533088714,77.16665534,3.253655114,5.533088714
690,P,17,64.97099357176471,71.57173982,41.34100962950762,0.0,28.25228011,89.07508625,134.8843788,9.847851082,60.82280614
691,N,19,91.74170624052631,89.94077669,16.156393795311764,60.86397585,85.85440037,101.0167351,124.480148,7.277554902,15.162334730000012
692,P,19,49.071792919684206,51.81003903,32.56819738539808,0.0,23.75350788,79.736103955,100.2373095,10.17675104,55.982596075000004
693,L,19,6.994986333631579,0.0,15.37627096909026,0.0,0.0,3.0900626595,59.68376451,0.368286389,3.0900626595
694,R,19,47.37382530073685,40.5759839,47.9443953124564,0.0,2.173713423,89.95502759499999,131.6301453,4.190965565,87.781314172
695,Q,19,92.80678246578947,102.3238077,35.81809200433158,0.0,77.67640205500001,119.11452600000001,136.6129209,15.57569352,41.438123945
696,R,19,44.88407352089474,44.14565444,39.97839493266605,0.0,7.673104823499999,74.34896395999999,121.7279517,10.60283304,66.6758591365
697,L,19,29.004101336210528,8.694853693,42.174818707579774,0.0,0.0,57.590857985,131.1791998,6.293714595,57.590857985
698,E,19,78.38191196210526,91.48477216,36.196803734614505,0.0,51.69352298,102.80976255,134.9526125,12.97155854,51.116239570000005
699,E,18,102.53761017222223,103.76103235,33.15850769553498,0.0,93.79836261,121.5594168,158.8406922,18.027636575000002,27.761054189999996
700,Y,19,74.39817361894738,82.93407253,45.618295877630864,0.0,59.51925850000001,108.70339050000001,139.2090118,9.3142162495,49.184132000000005
701,F,19,88.94491789,88.15993391,24.930738935945765,46.81844296,67.243845495,109.8742973,121.7279517,11.67922774,42.63045180499999
702,Q,18,88.592356317,82.74487381,36.949385040761534,5.891453026,70.10859006999999,101.4861935625,154.3306843,15.336791869999999,31.377603492500015
703,H,19,92.27682769052632,94.57734928,39.77675273457289,0.0,73.28576354,117.54826215,158.0718472,14.53978721,44.262498609999994
704,A,19,107.90557632210528,102.9547472,33.87714378912241,41.22892024,95.621960785,123.70848375,182.5919275,16.20244318,28.086522965
705,W,19,46.836576347736845,48.01538865,37.01105747599581,0.0,18.36851262,62.05040164,141.2482195,9.626726593999999,43.68188902
706,S,19,83.11606892210526,91.78598146,37.89637051988255,0.0,70.06756449,100.05038643,152.1599396,19.57644054,29.982821940000008
707,Y,19,95.37694047421053,98.09774023,32.836626514291495,23.26141707,75.08447236,114.96380285000001,152.1599396,20.38972887,39.87933049
708,T,19,74.98813265210526,65.58701243,53.54504731254577,0.0,37.945763465,116.22871375,182.5919275,16.44015171,78.282950285
709,N,19,74.29232190210526,69.55882954,29.62496827349493,0.0,60.86397585,92.19581129,128.8093294,12.37467558,31.331835439999992
711,I,18,87.42265638055557,84.91613713999999,37.1866290568038,10.11674421,63.766887977500005,113.004520975,159.3239399,22.53014403,49.2376329975
713,M,19,71.68508206578947,69.55911141,15.870518128877155,41.02189896,61.47397516,82.04379792,99.73641862,12.1695647,20.56982276
714,N,19,93.76216740421053,90.16105506,37.113596422998214,41.02189896,66.50765451,109.44633765,182.5919275,21.426145075,42.93868314000001
715,A,19,85.62183088052632,85.52689059,28.75052589719271,20.51094948,72.89874562,96.99063286500001,135.2569905,12.3270818,24.09188724500001
716,V,19,36.15380304547369,22.73005871,34.04169494050626,0.0,8.743509273999999,64.61975683,90.76051954,9.487975367499999,55.876247556
717,L,19,33.00348023415789,13.67396632,38.272435578508215,0.0,3.2748823084999996,58.76300884,121.7279517,7.954848444,55.4881265315
718,K,19,91.01083737189474,97.37239088,33.24619442485216,7.865045176,83.61093270500001,111.59492524999999,138.1680785,13.96888712,27.98399254499998
719,G,19,93.85667006315789,92.4499549,40.77931085485516,20.72521177,71.12317472000001,121.7279517,174.1968109,21.02138977,50.60477698
720,F,19,35.13277921705263,9.936535077,39.57650109685282,0.0,0.0,78.45784409999999,88.33608169,3.146857298,78.45784409999999
721,P,19,14.386170721210528,3.043198792,22.82158191325657,0.0,0.0,18.48134862,80.9742927,3.119983156,18.48134862
723,C,19,75.52612878999999,85.27062287,29.245312353303216,0.0,56.423643940000005,97.2520789,108.2499233,10.70086457,40.828434959999996
724,L,19,29.514287752842105,11.83094936,39.378038604115694,0.0,0.0,43.184186535,114.1688909,3.537350513,43.184186535
725,Q,19,22.961558047894737,13.52532797,23.779183900575237,0.0,0.50126602,41.482797579999996,68.74316883,4.010602432,40.98153155999999
726,A,19,43.17757332742105,46.24341284,41.40995755479313,0.0,2.230417581,71.535010255,111.9441324,9.67066291,69.304592674
727,D,19,5.516305631473684,2.960744539,6.944650592643321,0.0,0.0,7.0715015765,24.66682949,2.296697728,7.0715015765
728,I,19,13.59429855231579,2.820472802,25.916757599850563,0.0,0.0,5.127019219999999,88.1626386,3.128765073,5.127019219999999
729,C,19,69.20850145578947,74.33951286,38.91457783959515,0.0,50.887149640000004,91.298654285,137.1658569,8.264936828,40.411504644999994
731,H,19,18.013348665,7.15484855,28.669784020618962,0.0,0.0,10.14399597,91.29596377,3.535419006,10.14399597
732,L,19,43.79324203152632,32.30774664,38.140596473853556,0.0,9.575414931,87.63021608,96.65270232,5.639032383,78.054801149
733,N,19,63.19380714273684,71.77668818,39.98375611904958,0.0,28.605508450000002,90.330080075,120.4799445,5.828820559,61.724571624999996
735,S,19,103.70831924947367,103.2289076,17.04925286851647,70.39804503,93.66222828,113.20171385,147.4412238,11.35985021,19.53948557000001
736,L,19,40.56539555368421,0.0,45.37424351847502,0.0,0.0,88.540892515,102.8160506,5.960598018,88.540892515
737,L,19,32.954857778736844,4.658894187,46.70450675726939,0.0,0.0,85.198249855,128.9832102,4.087568051,85.198249855
738,Q,19,94.05662906105263,98.30670364,20.17503941629983,43.00750396,84.391107395,107.70748635000001,124.9160927,9.662578696,23.316378955000005
739,H,18,89.09349269944444,98.839894655,34.930642983494785,0.0,83.9716763575,109.479614625,124.3795633,8.7625199915,25.507938267499995
740,C,19,96.6690438236842,97.24667383,26.90312808389782,23.25794383,82.51558407,113.1493123,152.1599396,9.675918519,30.633728230000003
741,K,19,89.25751650473684,92.5684246,21.7178430665396,49.47376413,73.672656185,98.614506835,141.519641,9.974838771,24.941850650000006
742,P,19,85.69081912152632,91.91049445,37.09377718336485,5.483507089,64.424726555,113.02550819999999,152.1599396,11.96899857,48.600781644999984
743,F,18,13.013078006166666,1.1698435845,26.06416137267109,0.0,0.0,8.355349964750001,91.57461992,2.82676323,8.355349964750001
744,R,19,89.11016956842106,91.07915552,23.52567989226881,36.22691956,80.007651065,106.0852437,120.1038654,7.38270105,26.077592635000002
745,G,19,97.51128389052631,105.1489246,43.30856825676031,0.0,89.770386105,115.0172488,165.8016942,17.17783026,25.246862695000004
746,A,19,37.42923265442105,27.77746452,40.0143473622061,0.0,0.0,72.39907655,98.02524018,5.721100384,72.39907655
747,T,19,68.1581208948421,93.27104745,48.899870074738,0.0,10.2041280075,102.86495262,124.1409303,8.483339429,92.6608246125
748,K,19,91.60173962210527,94.10592499,34.08852201215995,0.0,79.64335604,106.91267245,152.6557028,9.596950063,27.269316410000002
749,G,19,35.42564215752632,25.95808733,32.650491352303696,0.0,5.0569451050000005,57.251184305,90.40937457,6.10658471,52.1942392
750,C,19,53.22528024210526,58.14343412,44.209652042586875,0.0,4.181073145,95.66469934,124.7973455,5.669779677,91.483626195
751,L,19,63.93140395142105,62.05040164,46.47269043937046,0.0,23.812342575,94.050622375,165.8016942,10.29712266,70.2382798
752,R,19,29.22834025736842,18.67959106,41.737083825414686,0.0,0.0,45.188409495,165.5778582,10.11950458,45.188409495
753,A,19,88.71101395526316,96.99016445,30.736739329494988,0.0,80.477116975,109.18967905,134.0675366,10.02479962,28.712562074999994
754,L,19,22.119393514473686,3.425881198,36.15370879312748,0.0,0.073511941,18.328089835,104.5444141,6.116059579,18.254577894
755,A,19,42.219522440947365,24.46009533,41.512787789807945,0.0,1.9019992455,79.731517225,112.951935,4.16830376,77.82951797950001
756,M,19,61.75477625315789,71.00295297,36.12386570099564,0.0,41.938526765,93.237529435,106.1641708,5.20003572,51.29900267
757,K,19,41.73192743505263,45.21864386,34.19307191464805,0.0,14.039325697999999,62.30887735,104.0820422,7.438968161,48.269551652000004
758,F,19,33.811970296789475,8.694853693,40.36990467922355,0.0,2.334496531,70.550350845,106.4077445,2.99700695,68.215854314
759,K,19,93.65124671594737,96.84973841,28.086281434687862,0.098824753,88.79730633,107.99177184999999,133.9007469,6.235055517,19.194465519999994
760,T,19,94.17986166421053,95.69713124,18.373036131801754,50.77419339,85.3891391,107.444085,114.9586904,8.125131754,22.054945900000007
761,T,19,92.50410005052632,101.5889028,28.096973927138734,0.0,90.056427055,108.2170481,120.7733159,7.613174154,18.160621045
762,H,19,68.14801016157894,74.97750212,46.65382296485101,0.0,32.33857769,97.488272685,140.5462332,13.00521277,65.149694995
763,A,19,82.46026238378948,86.09932138,41.30886390688411,0.0,59.629364869999996,112.59932595000001,148.1418347,10.02180131,52.96996108000001
764,P,19,90.20961896842105,92.79981516,16.7325150225897,60.86397585,78.258014485,98.11218475999999,127.8985714,9.857152885,19.854170274999987
765,P,19,42.044462293473686,36.02916538,38.58399585250179,0.0,3.162726928,67.449103525,128.467319,5.926641109,64.286376597
766,G,19,20.675716495368423,4.777741131,29.23097795759246,0.0,0.0,33.409557325,98.13087921,7.606987029,33.409557325
767,D,19,79.53479473263158,85.62686054,27.410333483674975,0.0,81.6429773,93.8291416,103.3373798,8.939608418,12.186164300000002
768,T,19,80.9219153543158,82.75238609,30.284632619608423,6.624471292,61.263101115,107.5139054,118.3692705,8.316116448,46.250804285
769,L,19,22.384704404157894,0.0,41.659321351834286,0.0,0.0,9.613417916500001,131.1796374,4.363033548,9.613417916500001
770,V,19,35.38817906252631,7.298848718,44.340091866792974,0.0,3.6461284715,63.395248640000005,111.9185412,6.388306945,59.749120168500006
771,H,19,72.65318668357895,80.79943535,36.957298009960205,0.0,54.034955345,95.719068275,129.3499441,11.89371573,41.68411293
772,A,19,93.9541201168421,99.70039188,37.86681457201633,0.0,85.830574835,115.82200965,150.0951557,8.90717095,29.991434815000005
773,G,19,8.990560896368422,3.102520082,16.74976561928019,0.0,0.0,10.31783339,72.04709978,4.970740992,10.31783339
774,D,19,19.90306707331579,6.19380999,32.65522831022863,0.0,0.0,22.471813515,126.7780511,3.788829679,22.471813515
775,L,19,91.74666392105263,97.41721505,20.354211970435607,52.74618348,80.192682685,100.63790051000001,141.9959556,10.68883984,20.445217825000014
776,L,19,22.181154362210528,1.507288129,36.46651091091848,0.0,0.0,24.628845130000002,121.7279517,3.109720783,24.628845130000002
777,T,19,97.55208497473684,93.83872411,20.511942116430667,50.08974344,87.43981191,114.9226393,126.8679292,12.52254102,27.482827389999997
778,A,19,87.47921263294738,101.4399597,34.27908901719742,2.474163236,70.943471925,110.60796855000001,126.3662483,9.204129388,39.66449662500001
779,L,19,20.849295268736842,2.95478103,33.189015248330406,0.0,0.0,27.71854768,101.2330837,2.983212485,27.71854768
780,Y,19,43.43935547105263,29.3417866,45.85163145091449,0.0,1.5734260575,77.059625945,132.6413553,6.351975438,75.48619988749999
781,F,18,21.197714973666663,2.4278795530000004,36.93618767179079,0.0,0.3332925335,10.5283081235,114.9278266,3.727922938,10.19501559
782,I,19,15.199676337210525,0.0,30.873358628184125,0.0,0.0,7.514277584,95.63641455,2.861762804,7.514277584
783,S,19,78.93897283326316,85.84194336,26.966590285784942,1.599696192,64.83897238,96.89520882,119.3567383,9.598090945,32.05623643999999
784,R,19,84.95900255642105,95.73903253,30.87038443112706,7.794671382,67.98987077000001,104.95283565,122.1030088,9.43187356,36.96296487999999
785,G,19,3.6095737292105263,0.0,5.301325193568601,0.0,0.0,7.2910253595,15.73848579,3.384307618,7.2910253595
786,S,19,89.32470076315789,95.89755522,30.98864840572066,0.0,79.768863545,105.51371979999999,149.4441613,8.202607216,25.744856254999988
787,I,19,27.443702168473685,0.0,48.96199383774532,0.0,0.0,37.08570846,172.3068963,2.235574046,37.08570846
788,E,19,55.66661018263158,65.91325949,39.07035288134268,0.0,17.23983125,84.84185367,117.1095208,8.833592681,67.60202242
789,I,19,8.515574901842106,0.0,24.236493250589625,0.0,0.0,1.654412738,99.21648559,2.659963402,1.654412738
790,L,16,82.373452558,93.037741055,32.76662335018034,1.965773338,75.3258995275,104.859075175,118.5899633,11.06693206,29.533175647500002
791,R,19,75.700673507,84.56380282,38.216145404874794,0.0,53.875421135,99.259449805,139.6134037,14.57017792,45.38402867
792,G,19,70.84308331631578,76.07891783,40.79370897419471,0.0,59.20735983,97.01047332499999,127.1540661,10.34079144,37.80311349499999
793,D,19,57.51402009405263,79.40300338,42.046308417711515,0.0,18.999258975,86.963537265,123.001309,6.942377237,67.96427829
794,V,19,95.57634433810527,99.43908112,24.28900071363425,5.415972034,90.39565268999999,107.8023527,119.2717616,8.342583392,17.40670001000001
795,V,19,58.5797600161579,76.56461477,38.54259734340036,0.0,25.04189797,88.450099435,114.1122608,4.964663825,63.408201465
796,V,19,53.345677258578945,57.09232628,39.78037559383575,0.0,15.508521755,81.78327666,117.7328122,10.47125546,66.274754905
797,A,19,32.854988028526314,8.694853693,38.813216050197305,0.0,0.0,65.37764161,104.1045023,5.234314058,65.37764161
798,I,19,61.08988960736843,60.86397585,40.23490391316091,0.0,40.542837835,91.09945912500001,121.7279517,13.17673256,50.55662129000001
799,L,19,9.69254498331579,0.0,19.103399262614204,0.0,0.0,8.7419641135,66.86968408,3.838907784,8.7419641135
800,G,19,76.49682028226316,85.50289207,27.37064859104167,3.580233873,69.624711175,96.02574541999999,105.42694,6.716557965,26.40103424499999
801,K,19,80.7824067868421,90.22124929,34.94604045606704,0.0,63.90180384,103.61495012500001,125.064283,8.89819007,39.71314628500001
802,N,19,75.58956856963158,81.32127832,32.03102646256135,4.605602616,62.799057430000005,96.07786076,111.8919128,7.946822318,33.27880332999999
803,D,18,35.674339622611114,30.869207745,34.24334353736054,0.0,0.094258756,65.5672033125,87.81222877,5.293516267,65.4729445565
804,I,19,52.18161991484211,60.86397585,46.3155107412877,0.0,3.3235365415,97.19454698,116.8619007,4.648340914,93.8710104385
805,F,19,16.762254581210527,0.0,30.91694725682068,0.0,0.0,10.6914306085,96.00151702,3.233558963,10.6914306085
806,G,19,2.128706542157895,0.0,3.259499406171066,0.0,0.0,3.6546450029999997,11.20636748,2.136502948,3.6546450029999997
807,E,19,9.007559050000001,6.357996111,11.882964375257085,0.0,0.6056816895,9.4347797715,43.49539362,3.110140967,8.829098082
808,P,19,66.21346575994737,78.15910601,33.61632330815408,1.480372269,33.84999028,88.11742222000001,127.5780969,6.200604683,54.26743194000001
809,L,19,83.17908995668421,98.72234364,36.18231351873019,7.195728077,72.94233943,108.12454235,115.103018,9.457757899,35.182202919999995
810,N,19,82.38765033789474,87.52092158,19.91687555372711,33.12643668,79.93509162000001,93.099550825,108.6947975,10.17523399,13.164459204999986
811,L,19,106.13374778842106,104.4897886,18.331815994403403,71.76779689,95.6438806,117.44258105,138.8053984,13.03052356,21.79870045
812,Y,19,92.55920205000001,95.57138161,26.03074528326277,54.58929716,78.453595655,108.85351165,154.8985178,10.7994828275,30.399915995
813,A,19,98.90766684631579,100.586797,15.96525541060443,60.83738951,93.30984948,109.9348589,121.7279517,10.57465247,16.625009419999998
814,R,19,102.8431120668421,101.4399597,19.458541872771836,60.86397585,91.38798168,113.6344926,134.4567552,10.34552833,22.246510920000006
815,P,19,60.85504383368421,64.46691166,34.370150812631394,0.0,35.18942143,92.60701479,110.1059575,13.164031395,57.41759335999999
816,G,19,9.791339977368422,1.468602052,19.696510544693503,0.0,0.0,7.461529050499999,80.41278749,3.252214891,7.461529050499999
817,K,19,78.34935734473684,95.28040528,36.300369361855765,0.0,70.33073113500001,99.95276004499999,111.0230755,7.206334167,29.622028909999983
818,S,19,10.282731689631579,0.0,27.286641946779405,0.0,0.0,3.154518972,98.4039598,3.363422363,3.154518972
819,N,19,96.60321948305263,102.2411255,27.15390981652132,3.882709418,93.396335455,108.14742815,132.3651911,9.395685558,14.751092694999997
820,G,19,70.576712892,91.88851238,44.463717747216634,0.0,28.32042728,106.32324779999999,127.7777796,8.039724711,78.00282051999999
821,D,19,79.34647097826316,83.40089988,31.696769540693943,0.0,78.98943047,92.89159484,137.1247732,7.796468672,13.902164369999994
822,V,19,13.535418513736841,1.812798646,28.835614666300348,0.0,0.1912388045,8.9296501655,107.1953648,1.841613271,8.738411361
823,R,19,38.470355853,24.50564764,36.04063479257337,0.0,5.0643246594999995,73.19911074,106.7722303,5.561687935,68.13478608049999
824,A,19,28.43712553036842,4.434000271,41.96605832918275,0.0,0.0,37.68862131,114.074902,2.936542415,37.68862131
825,L,19,66.52313836710526,76.26106375,38.97979823790311,0.0,50.068489160000006,95.07385774,112.2352302,6.688613975,45.00536857999999
826,T,19,38.55432215778947,29.73245971,34.744090203156624,0.0,6.3131190285,66.14879185500001,100.2487785,6.42132409,59.835672826500016
827,Y,19,73.01667487157894,78.92084019,28.88208805614821,16.91922415,55.49437795,90.745327585,135.8552919,9.895243853,35.250949635
828,C,19,28.44839804,0.405347172,40.66708611644577,0.0,0.0,72.58458591499999,96.42248407,4.772796498,72.58458591499999
829,D,19,97.98919274105263,101.4679959,36.674187260423004,0.0,87.803947795,112.80979465,170.889191,11.02516613,25.005846855
830,L,19,37.979208570842104,3.892770361,46.6351903065552,0.0,0.0,92.63670616499999,111.4164875,3.349885991,92.63670616499999
831,H,19,76.5498562,80.03706789,27.95901755747734,0.0,69.14284673,91.77545627500001,120.7326511,11.87228576,22.632609545000008
832,K,19,101.65976443889474,107.6389164,29.052992176733056,8.945174749,92.73336259999999,121.7279517,130.1153871,7.678101515,28.994589100000013
833,I,19,15.310297801263157,1.108042886,29.038002767309315,0.0,0.0,14.882843124999999,95.56728277,3.70346973,14.882843124999999
834,H,16,88.223542549375,94.8018621,28.622614462202662,0.0,81.1372754075,106.257326475,112.7780339,7.4067986025,25.1200510675
835,R,19,69.57928260726315,81.01223007,34.66263390140414,6.095047457,45.458780965,91.04626424,128.8525629,7.004527488,45.587483275
836,D,19,79.60230613894737,81.43373939,23.42868221818601,33.16033883,61.610256234999994,86.992976445,124.3109315,12.27034607,25.382720210000002
837,D,19,15.062171269263157,8.817667551,22.042372055468054,0.0,0.0,23.09329807,85.62169445,3.617812702,23.09329807
838,L,19,14.662043593631578,0.5551565,27.244566083965854,0.0,0.0,13.3588520615,85.77364906,2.710850702,13.3588520615
839,L,19,82.45831422526315,89.68161473,24.48520321801321,21.51157851,71.7315861,96.79970090500001,115.3410388,8.796587509,25.068114805000008
840,E,19,82.22271264263158,81.87503306,20.708868588089036,41.06181378,77.19535832,96.50276216,118.7748035,8.770453454,19.307403840000006
841,V,19,26.66296473236842,6.187060497,32.87778342201218,0.0,0.0,52.61656456,91.15918108,6.088918337,52.61656456
842,L,19,36.7299066308421,27.16896244,36.134758284220595,0.0,3.43215171,67.331411355,99.73287946,7.132822463,63.899259645
843,D,19,94.36782156457895,95.0958865,26.367623228317274,3.860019757,88.84323957999999,102.59591334999999,133.3810614,8.491178869,13.752673770000001
844,M,19,87.12265986794738,94.84552657,25.332436143820818,5.199728511,79.131534725,99.09328721,126.2677516,7.679935649,19.961752485000005
845,Y,19,23.56079868547368,3.5762334,36.070892252509246,0.0,0.404131028,21.774601355,105.0716352,2.932419252,21.370470327000003
846,P,19,36.33547380426316,46.31299658,29.905084050707433,0.0,4.8430615580000005,63.29457163,72.26587049,7.163859062,58.451510072
847,E,19,52.09207979489474,60.86397585,30.814358364503313,0.0,36.3293513,76.36270027,102.2312286,10.8555017,40.033348970000006
848,F,19,75.43838648842106,80.12502495,38.81672404719612,0.0,64.996307185,102.89539952,124.9137244,7.69700633,37.89909233499999
849,S,19,94.18860491210526,103.4389221,31.661313454443096,0.0,86.81728559499999,111.96088255,136.9237991,8.017510663,25.143596955000007
850,D,19,98.7655410268421,100.0335743,18.417834892221155,61.53284844,84.90515472999999,110.30932229999999,135.7134158,9.59836675,25.40416757
851,H,19,96.02284189421053,95.46724217,16.284840139791957,54.46068699,86.917226195,104.48807795,125.2747206,11.82699206,17.570851755000007
852,F,19,16.412607100210526,5.181302943,28.355616856375946,0.0,0.0,16.628899325,108.8626983,5.289720367,16.628899325
853,W,19,65.81128247684211,68.15403646,32.860348911409034,0.0,50.0990166,88.51400458,114.1669399,11.58075281,38.41498798000001
854,S,19,96.49408788473684,97.46989006,31.502831171829996,25.76137384,79.734727685,115.94177965,151.8451407,11.7376632,36.207051965000005
855,S,19,96.2898287231579,99.70503209,39.40887566785115,0.0,80.54024439,121.325888,165.8016942,13.92624655,40.78564361000001
856,L,19,47.77817901410526,35.52516111,45.2420234737131,0.0,2.2598702095,89.072386015,128.5996733,8.904523415,86.81251580550001
857,E,19,74.66821911289473,83.19332454,27.188911840574956,3.035418055,64.89194637,94.733157,104.4106796,8.250861913,29.841210630000006
858,I,19,27.22854178978947,10.05530826,35.45055402092393,0.0,3.6016209105000003,34.83030802,110.4528662,5.395801267,31.228687109499997
859,T,19,37.59427927605263,29.24249124,33.99407784946182,0.0,8.323808577,66.015143505,98.97172168,7.876818417,57.691334927999996
860,F,19,47.50752578947369,35.89327216,39.916083247163535,0.0,11.1812222275,80.89625895500001,115.0609516,7.03535302,69.7150367275
861,N,19,21.831171998789472,3.506726891,31.274911782496414,0.0,0.0,47.63592459,93.03077978,2.557288593,47.63592459
862,L,19,6.046411182263158,0.0,12.467025059568055,0.0,0.0,6.188995225999999,49.77246996,2.906799727,6.188995225999999
863,R,19,47.97456368226316,45.99070298,44.96161087956044,0.0,8.2434432285,92.30147651,121.7279517,6.599288262,84.0580332815
865,T,19,105.40242715947369,107.1194955,12.703423741725079,82.04379792,97.744687885,114.1930796,125.2944839,11.21511543,16.448391715
866,N,19,107.5801543431579,104.1089388,20.850003015528266,75.30381394,91.682939655,118.18222005,164.0875958,13.01825943,26.499280395
867,M,19,99.93993040842106,101.864983,16.82322496950547,57.20885323,91.50901598,110.71552489999999,134.7568236,13.5793544,19.20650891999999
868,I,19,104.2815048268421,104.4400721,18.215545474872243,56.59214018,97.428002405,113.1507699,133.9007469,11.25773477,15.722767495
869,P,19,93.21054677000001,94.27922733,12.789671444836952,68.03745331,86.04948844,101.04013259,112.9143054,10.05414128,14.990644149999994
870,G,19,104.32744414157895,101.6849938,11.620067694196596,88.16612465,96.708846155,108.07075465,137.4700317,10.18159086,11.361908494999994
871,S,19,103.51434160578947,104.9998262,12.024052326969292,73.5358593,97.01237144000001,111.91180745,125.0793377,9.27650985,14.899436009999988
872,P,19,96.33903189157895,100.3946386,21.356458126349573,41.02189896,94.394152635,107.0507786,131.6613868,13.37767643,12.656625965000003
873,G,19,100.56904451263158,101.8266887,10.336826142500147,71.11659223,98.96757292999999,105.69722010000001,118.2468149,7.268237878,6.729647170000021
874,S,19,105.65703745368421,105.0478003,12.068603367716028,82.82883803,96.72135528999999,113.92186935,125.0019232,8.821280256,17.200514060000003
875,T,19,93.60437349473685,93.42205497,9.884428365661543,78.34656478,87.22761814500001,100.95730080000001,110.1513555,7.36197812,13.729682655000005
876,E,19,100.19468845631579,100.0302252,13.038878489694765,75.37621478,91.07336939999999,110.66491975,120.561902,9.384295414,19.591550350000006
877,L,19,106.74104785368421,107.856515,11.84687298674631,80.22414694,102.5466182,113.47901395,125.2662856,7.981198654,10.932395749999998
878,E,19,104.17305761526316,106.7235331,14.428007498315235,72.46865633,98.57653285500001,114.78723155,122.9978021,8.385203763,16.21069869499999
879,G,19,99.54619793368421,100.2532894,7.157339764937413,82.90084708,95.106583145,103.643564,112.660804,8.223134716,8.536980854999996
880,G,19,102.80545252157894,105.2028482,14.285436918516274,72.24787072,95.355314505,108.41131010000001,134.7481454,7.128065373,13.055995595000013
881,F,19,105.91921297421052,106.0691998,8.630686807565676,87.02285088,100.493257155,110.81511785000001,121.7279517,6.079848374,10.321860695000012
882,S,19,102.88778505947369,102.5162314,12.06878735956719,70.28168314,98.44255304,111.52759879999999,120.3486909,7.944258027,13.085045759999986
883,R,19,101.07366269157895,104.6430918,13.904349478720853,76.5539326,89.834312755,108.91363895,124.1915607,9.582158316,19.079326195000007
884,Q,19,106.23420766263158,105.3527227,11.803798330779227,76.07996981,100.2304417,114.30142584999999,124.9884118,5.642631846,14.070984149999987
885,R,19,106.55387809315789,105.868137,14.216211633888568,81.1519678,97.98810388,113.8604477,143.4076667,10.17816019,15.872343819999998
886,K,19,108.8621190168421,106.8512258,16.360135378208067,75.39169131,102.37331739999999,116.21836055,139.3703983,9.878960818,13.84504315000001
887,R,19,99.22895995368421,100.4930149,12.91508381993039,76.34238313,89.228247235,106.76111555,120.7485711,8.441307081,17.532868315
888,K,19,104.66437586736842,106.0472292,13.047686869150196,80.63385956,97.49758317499999,116.86814745000001,124.4548725,7.46515232,19.37056427500002
889,L,19,105.68132433947369,105.144794,17.69569338091472,76.98849021,92.794085085,112.62232885,137.59631,8.579986606,19.828243764999996
890,S,19,103.52122861263157,103.0162821,16.255564579838953,69.07627221,95.7139991,108.6795411,144.9838414,9.423472117,12.965542
891,F,19,108.74358112210527,104.1282988,13.219742075529078,84.18661949,100.86442205,114.99611225,136.9439457,7.393832664,14.131690199999994
892,R,19,111.6211934736842,112.7652451,16.839065979359873,82.04379792,98.53487200000001,120.65538235,149.2732478,7.942941621,22.12051034999999
893,R,19,104.67084293894736,104.0601202,11.953379895401165,87.5063449,95.827105805,108.36178699999999,134.9345618,8.499303172,12.53468119499999
894,R,19,104.17218599473684,102.653176,7.389154432099434,90.43979757,99.708951965,109.88087895,116.7358329,5.802966471,10.171926984999999
895,T,19,100.69080564578947,100.3131995,12.69961948891877,80.51223188,93.29831647,106.99823269999999,127.134895,7.808854745,13.699916229999985
896,D,19,94.52557119105263,102.1302683,22.228451997633563,50.71997987,79.707487645,109.0353909,135.8432944,8.546520758,29.327903254999995
897,K,19,106.90148366947368,107.0767804,12.231810892926823,84.66956459,97.733473995,115.73149455000001,128.9568732,8.499166493,17.99802055500001
898,D,19,96.57945840210526,91.29596377,14.726396917269984,70.34981398,86.61811348,106.88457635,123.5348148,9.196728789,20.266462869999998
899,T,19,109.13190009368421,105.9071817,14.859306717226541,81.65530554,101.09911586999999,118.0014612,146.4273182,7.444914797,16.902345330000003
900,E,19,100.57028183105264,99.5889022,15.714122608809417,77.57797305,91.54306217,106.1589788,142.0159436,10.17382086,14.615916630000001
901,Q,19,104.69282295473685,105.6539214,13.56478636007606,77.15002019,95.128902395,114.88772130000001,127.1040962,9.419881056,19.758818905000012
902,P,19,106.19538375578948,107.0032041,14.528776062662935,82.65856841,98.24975628,113.0869108,142.0159436,11.37355849,14.837154519999999
903,G,19,97.65509970947369,97.89145447,20.6124010113472,45.98241818,90.7928203,109.81395625,128.0141793,11.70401463,19.02113595
904,E,19,96.49615046473684,96.14939673,12.914986211353929,60.86397585,91.339113465,106.32330329999999,117.2141862,8.747334576,14.984189834999995
905,V,19,106.61128269473684,104.119231,11.891027169776647,91.25441522,97.51968035,117.4518213,128.8279834,9.049260656,19.932140950000004
906,S,19,100.9252708963158,99.97006543,15.470964267599314,64.5832263,93.38271211,104.5992461,138.1820238,10.55597218,11.216533990000002
907,A,19,109.97750038421051,110.5441852,11.685501962055284,89.67204802,102.97900865,118.166435,128.0803499,7.838944859,15.18742635000001
908,L,19,105.96006975052632,101.0755031,14.102940567300239,82.86308474,96.135674655,114.13769725,141.7002804,10.63969442,18.002022595
909,G,19,106.05110985263158,103.735338,11.297601188748319,87.81996486,98.82183026999999,115.33306870000001,124.7445739,6.852884035,16.51123843000002
910,P,19,107.50073680263158,103.23665,16.091798743236872,75.16860113,98.43956056,118.84942155,141.4944283,8.965778457,20.40986099
911,G,19,100.72668702052631,103.1524468,13.624997572704368,60.86397585,95.254588615,109.4553983,121.0345514,9.513043717,14.200809684999996
912,R,19,112.13746452684211,110.4661261,10.005314369956663,98.05544685,104.92260715,118.6990103,133.6061609,6.046678287,13.776403149999993
913,A,19,100.49493556263158,99.37069518,13.034694146250192,71.05206117,93.173345305,110.5258857,125.2875616,8.295811399,17.352540395000005
914,G,19,102.25650547789473,101.0774428,9.33107645674292,81.17827152,98.68854226,107.6225823,118.6943946,6.300218229,8.93404004
915,A,19,97.9307453968421,94.21049283,10.962332328531327,82.70334311,90.12749945499999,102.55958475,127.2245061,8.481443908,12.432085295000007
916,G,19,104.30147075157895,106.5119577,23.85056216866698,61.28407058,92.74954523,121.48438265,137.0414694,7.58900985,28.734837420000005
917,P,19,100.68052443578947,106.4555633,29.219935481355748,41.45042354,82.4723225,115.7914408,165.8016942,18.37754489,33.3191183
918,S,19,93.94738176210527,103.4123134,27.53744667152646,45.50033636,75.42107705000001,114.6640752,124.3512706,13.87698478,39.24299814999999
919,S,19,91.73704877526315,100.376642,40.49064923132255,0.0,84.81888004000001,117.00944445,153.3463654,18.38376768,32.19056440999999
920,R,19,85.63981715421053,89.2386237,35.151857008863445,0.0,66.31386581000001,103.7623128,158.1236974,12.87900421,37.448446989999994
926,P,14,93.68469088571429,106.20432,48.70380694950368,0.0,72.8496067725,121.77662302499999,168.6545561,6.3886778164999996,48.927016252499996
928,G,18,92.99709753944444,105.56783644999999,33.31434354272484,0.0,71.056263145,113.24025007499999,138.0474327,13.14572013,42.18398692999999
930,S,17,101.51110303058825,97.8060618,39.15447492276442,14.63030891,73.80243697,124.6295103,166.4585072,10.51422576,50.827073330000005
931,P,18,108.91867991666666,107.02685205,24.8550383496692,58.52123565,100.0665080375,118.8400626,158.0058168,19.22821048,18.773554562499996
932,S,17,98.50042105529411,106.5674648,29.6486461291247,26.33430279,81.34145641,117.0424713,137.7604946,11.97413325,35.701014889999996
933,S,17,97.16129449647057,105.3382242,51.428363076114685,0.0,59.54099904,137.1572608,168.6545561,9.755252645,77.61626175999999
934,G,17,103.91564649411764,103.5147453,30.142344025699103,58.52123565,85.47880318,123.19903,168.3579039,17.166171485,37.72022681999999
935,P,18,75.25536309722222,77.5051867,41.32981410405846,0.0,59.8155195925,104.293189825,139.3939383,7.935796582,44.477670232499996
936,S,18,105.10521187555555,109.7258086,41.80643705822438,29.26061782,71.8223629825,125.4521958,171.1716091,13.059222505000001,53.6298328175
937,S,18,113.00017498444444,110.1333204,36.40667271756913,54.86290432,99.8529622475,137.557597275,178.326345,12.493030335,37.704635027500004
938,P,19,104.30071751894737,110.9723381,33.42723999089527,34.30551825,88.28005448,122.68757355,164.5887129,17.12331303,34.40751906999999
940,S,17,114.79503622470588,117.0424713,48.30375316154232,56.84131045,69.02371635,137.524144,207.0711491,16.77264563,68.50042765
942,E,19,95.52795906526316,98.76394876,27.13050928793683,28.52860152,84.306604395,109.79747415,138.0474327,12.17820458,25.490869755000006
943,D,19,101.88075905105264,107.8302701,20.72183308820933,54.68956932,90.07278387,113.2195089,139.3712603,15.44177748,23.14672503
944,E,19,94.04513985473685,97.53539274,34.14978790218258,42.09775814,69.02371635,108.26195915,168.6545561,11.91523026,39.238242799999995
945,G,19,98.65913178421052,90.57827086,40.91816544125364,26.33430279,71.31111866,121.39056074999999,175.5637069,17.586315305,50.079442089999986
946,P,17,72.31970658070588,75.82054096,48.55012038190689,0.0,52.66860559,96.40299304,174.9704027,11.50598218,43.73438745
948,R,18,101.42322757833333,101.312868725,26.187083425681276,57.75724415,87.93672667,114.32980565,150.5631243,11.062203805,26.39307898
949,S,19,97.68685898684211,100.3221183,16.41506346147282,69.02371635,82.543486235,112.36202125,121.1215249,11.40407148,29.818535014999995
950,S,18,88.598014525,88.674116345,27.38216150098089,25.9596328,70.971682205,111.62107645,128.0044952,11.70761435,40.64939424500001
951,S,19,100.64590115842105,112.4363707,47.61884476215251,0.0,72.26334034,126.9981774,168.6545561,9.782682858,54.734837060000004
952,P,19,115.28683541157895,118.0170655,28.503153817173626,69.02371635,95.086892555,137.3426543,165.9481509,8.926826213,42.25576174499999
954,R,19,86.06805941947368,99.71477161,30.866619980100534,0.0,76.86494278,104.40322055,122.2782029,8.732278173,27.538277769999993
955,L,19,105.10292440263157,105.4281503,29.50643330162583,53.96574713,85.12234150500001,117.01010825,191.0452013,14.44865391,31.887766744999993
957,P,17,88.83525408794118,93.68697969,45.33045136774001,1.683264485,53.91513507,112.4363707,171.1716091,12.21596221,58.52123563
958,F,19,101.41613294947369,102.4083382,30.078267885402546,43.93386877,79.97933229,120.12809329999999,168.6545561,13.55080611,40.14876100999999
959,S,19,97.58290628210526,101.7743453,23.816753569058907,14.63030891,95.807041045,112.50667575,118.5043626,12.54640862,16.699634704999994
960,S,19,96.45501273052632,95.44596478,32.845649893112736,0.0,86.813452215,109.0668105,171.1716091,11.75528726,22.253358285000004
961,P,19,97.87356045421053,97.53539274,28.480245548788574,43.89092673,82.150694335,112.8328694,156.7675318,12.59028633,30.68217506500001
962,R,18,114.30047933944444,111.7043544,38.78965800326894,12.37213788,96.4611853575,137.23253395,181.6822873,12.11894463,40.771348592500004
963,P,18,97.18611686277778,93.85093936000001,23.160107151930227,58.32346756,84.8115125575,113.31547175,152.1525414,11.076944538,28.503959192500005
964,P,18,114.55194480666667,115.3709932,29.30297093011874,53.29187033,103.452367675,140.11555395,153.2493192,8.622675203,36.66318627499999
966,E,17,99.26774671588235,103.0586938,38.173697334913015,0.0,82.44373659,118.88423,178.326345,12.89391409,36.44049341
967,P,18,104.6920418888889,102.7116015,31.06742631230764,34.51185818,90.5620622425,116.3929523,164.5887129,9.1352586455,25.8308900575
968,P,16,114.269035234375,107.81423065,33.282725765736664,54.1317631,98.64653529,135.35511322500003,168.6545561,12.936889315,36.70857793500002
969,G,16,87.514332284375,102.82169738,41.69109215001682,0.0,72.378013905,117.43834365000001,133.0323666,11.565259435000002,45.060329745000004
970,G,19,97.36295266421052,97.20577927,32.22415541249936,0.0,92.028948875,114.01727220000001,138.0474327,12.34384711,21.98832332500001
971,E,19,104.68232830526317,99.44307415,27.47101113587357,53.90332383,84.467251475,124.8177636,168.8694579,12.37750218,40.35051212500001
972,P,19,92.8461475631579,111.2313035,38.96916733480944,0.0,70.96431881000001,116.2532947,138.0474327,13.073170744999999,45.28897588999999
973,L,19,93.02307413105264,102.8018195,35.61814027603012,0.0,74.948209475,117.65703775,139.9732015,11.32392035,42.708828275
974,M,19,89.20422675526315,98.28433418,36.23891359517427,0.0,75.98372481999999,113.52962600000001,133.8330121,9.317232738,37.545901180000016
975,E,15,89.0268599,99.3243477,39.92568118707865,0.0,60.192333315,112.16098600000001,159.875611,13.66234081,51.96865268500001
976,D,19,91.6591853988421,98.41220398,34.31634302034616,4.503577268,82.12316983,107.11696285,138.0474327,9.853539483,24.99379302
978,E,19,97.59744409684211,94.35148637,15.75589764941176,69.02371635,91.04581497000001,108.79641965,138.0474327,8.332399987,17.750604679999995
979,K,19,102.43461785,102.0098448,11.608312836238282,79.81250963,95.87904092,111.77393365,119.2860813,9.278667329,15.89489273000001
980,S,19,99.9094329468421,99.53715624,24.4647733005472,47.17574319,84.454116535,114.056956,138.0474327,8.112950309,29.602839465000002
981,S,16,98.12958645625,103.70513065,31.712868173178013,28.52860152,82.1758990475,110.790354625,174.9704027,13.936974769999999,28.61445557750001
982,D,19,89.53332541473685,91.24099781,19.671436398186884,39.91717506,79.803396275,102.46669159999999,119.2459841,6.699846906,22.663295324999993
983,T,19,89.41904985684211,94.46168416,16.69745826665024,48.92850685,79.419029735,101.57013629,109.3565017,10.5477037,22.151106555
984,C,19,108.2650516568421,99.51516767,22.682464052301977,69.02371635,92.012769445,124.68004690000001,158.0058168,11.31260139,32.667277455000004
985,N,19,105.2102990431579,107.8302701,21.95678390713772,64.59805586,93.37840611499999,117.75792799999999,151.4019061,9.441274177,24.379521885000003
986,P,19,99.23751968421053,104.9959487,21.28708776463,51.5712331,92.8158907,108.8012176,134.9157758,8.977591836,15.985326900000004
987,L,19,97.89526968473685,93.8668429,28.163906225013978,52.53951609,83.154357985,114.750993,148.9751199,12.14633096,31.59663501499999
988,S,19,100.1547687663158,103.5355745,15.528571536970547,63.45972036,92.762823755,110.53948249999999,120.5863146,8.151608752,17.77665874499999
990,A,19,90.71775903473684,93.35836232,22.680466983610472,34.51185818,82.10764122500001,102.73006408,136.088091,6.476737793,20.622422854999996
991,F,19,95.36717053,98.00157516,19.758482824045224,57.78921934,82.27564154000001,106.66772835,133.3883328,10.85648148,24.392086809999995
992,S,19,90.35469995315789,88.60888133,19.012220975729644,40.3214511,80.376231725,99.15738422999999,129.6077057,9.616302523,18.781152504999994
993,G,18,86.06296729388889,85.90546327,29.558201547980055,34.10717912,68.0223439625,103.678373575,164.5887129,11.245198604999999,35.65602961249999
994,V,19,95.67907115631579,97.53539274,24.884262503957913,58.32346756,75.42771787,117.76558255,136.1670403,13.43468424,42.33786468000001
995,S,19,82.72483346,88.20881647,32.91517045991794,19.77277187,64.148321175,104.27607295,148.2611248,8.5013256,40.12775177499999
996,N,19,62.99783874410526,79.20756891,49.86882774006218,0.0,8.84960893,103.24411774999999,136.0601114,7.150495444,94.39450881999998
997,I,19,91.2285902863158,94.97470763,18.517960554367452,56.79101665,78.953678775,99.02209211499999,126.1408813,9.105757407,20.068413339999992
998,F,19,91.91341454578948,101.1617723,32.404839551708555,0.0,73.87093989499999,113.19930565,131.4255701,13.81265135,39.32836575500001
999,S,19,67.91318990773685,70.41977384,39.57020076973243,0.0,39.51850041,93.23177766,138.0474327,12.2092233,53.713277250000004
1000,F,19,96.42260267052632,91.6301782,15.20137031328607,69.02371635,84.89594614,110.1742874,120.4540953,8.430182432,25.27834125999999
1002,G,19,87.30046074157895,87.78185347,21.846366402237365,48.00426954,78.843421715,98.6275188,136.6519039,7.354439384,19.784097085
1003,D,19,100.2832039663158,102.4012387,26.522973637211074,55.56871361,81.734959075,115.4306947,166.0525036,10.9248492,33.695735625
1004,S,18,91.37442470611111,94.82124829,38.24228706228473,0.0,73.77803698,116.120740025,158.0058168,15.5143689,42.34270304500001
1005,R,19,87.8974740168421,92.91701233,29.06119762676406,44.91069013,64.274936335,106.5007303,153.7770371,9.049742225,42.225793964999994
1006,G,19,107.53850664894736,102.6306791,24.098078301878303,80.51132667,87.14541224999999,122.00027945,161.7454052,12.17223508,34.8548672
1007,R,19,97.96693260894736,91.74851073,27.023492545343252,28.93365622,85.50888094,110.05668215,152.2669221,16.20139493,24.547801210000003
1008,Q,19,93.80602962631579,100.6641072,23.92820031403312,21.94546337,89.34101416499999,109.76210900000001,119.1757626,11.05631348,20.42109483500002
1009,Y,19,96.82393480052632,93.84444862,21.5423022630922,66.58669082,87.40524027000001,102.67626154999999,164.5887129,9.477256219,15.271021279999985
1010,Q,19,93.78515939578948,92.33752148,26.1914032420296,55.37438541,74.03496386500001,114.28560565000001,139.8591958,9.902762167,40.250641785
1011,E,18,95.2684077611111,95.30404662000001,32.92165491209474,30.28038122,83.222796195,108.839609275,155.3826831,11.23953908,25.61681308
1012,L,19,98.27826024315789,99.88465502,16.19694825475675,66.19378177,88.278526685,109.1941232,124.3576257,10.00219143,20.915596515000004
1014,R,19,99.59943749631579,97.1545679,13.088514191707755,82.4649699,90.9478828,107.33873944999999,134.2732494,10.0029636,16.39085664999999
1015,C,19,96.17981311052631,97.20577927,25.57157981680325,23.0942536,87.26716820499999,109.76064145000001,140.5454634,10.24036209,22.49347324500002
1016,P,19,89.00782457631578,92.0316218,12.768148683907429,53.91513507,84.918002875,96.179231645,114.8343973,6.011274994,11.261228770000002
1017,A,19,99.48826953789474,100.0098404,15.344188345358493,73.32489029,91.62729847,106.12779815,141.1683023,7.510573591,14.500499680000004
1018,P,19,96.93999211894737,97.13922419,8.017435899964394,80.92484753,92.60857737,99.49020855,116.6469351,4.309356209,6.881631179999999
1019,T,19,98.19803029789473,96.34281614,12.96384230352827,78.95137414,91.29507253,100.197798,129.7974247,4.166597419,8.902725470000007
1020,P,19,93.5478356031579,93.11637729,12.007993822252615,65.54833555,88.425490255,98.44928411000001,116.9435566,4.831460097,10.023793855000008
1021,S,19,75.27007231842106,85.46935899,32.52712827787172,0.0,62.26349209,93.51811591,123.9321876,11.400654805,31.254623820000006
1022,L,19,103.98120452157895,100.3597172,23.912602789263435,70.00417474,88.37770273999999,110.8829493,155.0304971,10.57723303,22.505246560000018
1023,L,19,93.74888908894737,99.8295343,23.51778587604309,35.6496161,91.97897119000001,106.53153265,122.527585,12.17239092,14.552561459999993
1024,N,18,73.6941037161111,80.34240062,51.781285685416805,0.0,24.25917355,122.484519775,133.7218784,7.9415631335,98.225346225
1025,I,19,92.46641188526316,100.2162748,37.08175808729228,0.0,73.45035352,117.32465915,144.3510456,13.02476795,43.87430563000001
1026,P,19,60.20745902210526,67.29905533,35.68611946209247,0.0,32.842793889999996,89.80060159,108.2571446,7.286408671,56.957807700000004
1027,L,17,104.22055458588235,104.0051276,25.510910522093475,50.98065428,88.39655994,116.7982101,164.5887129,16.5524201,28.401650160000003
1028,S,15,92.78040375933332,92.17005978,39.232056761686536,0.0,69.02371635,107.6008852,178.326345,6.206832692,38.57716884999999
1029,S,19,102.0581380468421,92.14792187,47.0186033754671,0.0,69.02371635,140.62789164999998,175.5637069,7.6676200974999995,71.60417529999998
1030,P,18,102.70824432444445,102.10871975,33.37872815228988,51.32490133,70.9140636075,131.40317805,164.5887129,11.956717725,60.48911444250001
1032,R,19,106.57038407842106,107.8302701,27.149151697494037,58.47625369,87.64238721999999,126.85024125,155.3033618,12.59094528,39.20785403000001
1033,R,18,114.04568763444445,113.737949,32.27432768345983,69.02371635,96.489403485,118.439806525,207.0711491,9.6444618045,21.950403039999998
1034,P,19,105.79665950526316,103.5355745,22.251150737484224,58.32346756,90.192957795,123.10656315,141.0884315,11.43048514,32.913605355
1035,R,19,93.91715741157894,103.5355745,45.644244805764764,0.0,61.2014736,119.5379477,174.9704027,10.9434517,58.336474100000004
1038,V,17,108.1407121,103.5355745,47.48511640976421,34.47958908,69.02371635,138.0474327,207.0711491,11.48944529,69.02371635
1039,E,19,84.82736503526316,96.00451629,50.04963431651075,0.0,51.767787264999996,128.87069325,138.0474327,8.694820474,77.10290598499999
1040,S,18,102.1730628,113.11797275,38.47851197863696,0.0,85.60202342,118.025045175,171.1716091,8.159500594499999,32.42302175500001
1041,R,19,91.84088547578946,92.0316218,20.940933653066402,40.62734225,82.393742795,106.8333176,120.4181536,9.909786909,24.439574805000007
1042,L,19,75.24616039947368,69.02371635,23.893700441533348,35.11240372,62.59865956,86.060046065,138.0474327,6.995480772,23.461386504999993
1043,D,17,95.33687423882353,94.88000002,29.330543461575544,49.32673012,80.38489156,100.5354836,183.6636678,11.70625892,20.150592040000006
1044,A,19,97.77999190894737,94.70644048,37.06090041485742,29.16173378,75.44851869,114.5769667,207.0711491,11.35031268,39.12844801
1045,L,19,46.90830843868421,38.59307481,42.647549064800685,0.0,5.640901684999999,78.856668185,138.0474327,10.06498675,73.2157665
1046,Q,19,78.83277671894737,74.60491897,44.76573216632081,0.0,55.4190836,116.8447032,147.6182905,10.55810902,61.4256196
1047,R,15,100.77383336733334,98.60530907,46.016660980845316,0.0,72.926387345,125.2419017,207.0711491,12.33482388,52.315514355000005
1048,Q,18,85.4149008338889,79.33817881499999,35.02729535461582,14.63030891,69.02371635,116.6469351,138.0474327,10.98137555,47.62321874999999
1049,L,19,54.10902671263158,57.67446754,28.96218906911161,0.0,39.19216537,71.47918365000001,105.1535221,9.411658967,32.28701828000001
1050,N,19,90.4788275436842,103.5355745,37.945536344589605,0.0,63.673591955,115.21009895,138.0474327,13.18935341,51.536506995
1051,R,19,51.26165112736842,57.33819121,33.53335182811025,0.0,20.13191727,69.02371635,114.1144061,8.527444921,48.89179908
1052,L,18,59.9895558905,59.55967205,43.15764273081385,0.0,25.009383812499998,83.09231919,138.0474327,9.9896982665,58.0829353775
1053,E,19,65.30613783542105,75.82809982,28.35012735134726,0.0,50.006043765,85.886527765,102.7142042,8.270635055,35.880483999999996
1054,T,19,81.02289517842105,85.58580456,27.64759868824215,17.25592909,69.02371635,97.32419045,124.2426894,10.84848394,28.300474100000002
1055,R,19,72.90908491710526,73.72497596,27.75181287956568,0.466915065,60.736472935,89.35829318,126.3965194,9.668054734,28.621820245000002
1056,L,19,62.583222389999996,53.91513507,37.788628795875496,0.0,38.855143795000004,83.36630676499999,168.1249124,7.362267408,44.51116296999999
1057,S,18,102.79820126888889,96.596156565,37.42908820645373,34.51185818,87.48520134,116.59462465,207.0711491,9.101948996,29.109423309999997
1058,A,18,85.49001226333333,85.66931865500001,30.992774396718612,23.00790545,62.909895195,107.9865296,138.0474327,11.572108660000001,45.076634405
1059,D,19,43.97565230089474,26.21448812,45.855529784682126,0.0,4.9302654535,76.63364022,138.0474327,8.127975828,71.7033747665
1060,M,19,69.8465404868421,69.02371635,39.19490990039437,0.0,53.742617714999994,107.9859726,124.2109958,5.458568812,54.243354885
1061,A,18,88.11746334222222,91.702492245,20.673335161661402,52.08219728,70.5924371775,103.9913777,115.0395273,8.345397195,33.3989405225
1062,T,19,82.83369401105263,80.52766908,32.04727550999468,0.0,64.70973408,105.6696803,143.1532454,17.02373704,40.95994621999999
1063,V,18,65.33455528055555,63.744495885,42.475940116784486,0.0,40.4511571125,93.34255127,138.0474327,6.250855226500001,52.8913941575
1064,L,19,62.394382960526315,56.61780667,48.93622921182005,0.0,34.51185818,85.38574065,207.0711491,7.378863243,50.873882470000005
1065,Q,19,80.47631428842105,82.00396658,28.606616107910366,25.88389363,63.673591955,104.25890805,124.0125253,9.402278354,40.585316095
1066,L,18,85.64826866055556,86.343476685,17.09240537388844,60.1926921,72.4992645225,99.4799494,121.6735558,10.4813475,26.980684877499996
1067,L,18,58.666066219777775,65.43713747999999,33.112391770297194,0.0,44.622779064999996,80.6946115775,118.88423,9.470263542,36.0718325125
1068,Q,19,83.17136186947369,87.94229884,25.757787989950124,41.65659693,60.270798185000004,102.9004242,131.671514,7.323474987,42.629626015
1069,R,18,79.79310632666666,77.66155460499999,19.287807346781552,42.87359827,69.11062920500001,93.622474955,115.0395273,6.895308514,24.511845749999992
1070,Q,19,84.89784473473685,80.9416565,18.172494638485272,45.94875178,74.227211505,99.163338745,116.6469351,8.241553088,24.936127240000005
1071,M,19,95.76434666473683,97.45023525,21.277972178584662,37.67128889,86.769037545,109.8327696,127.5177206,6.848121328,23.063732055000003
1072,T,19,93.75012289915789,99.67885402,26.141825407597977,9.753539274,85.83807331,107.70197405,132.9180435,8.575363161,21.863900740000005
1073,L,19,95.24439594421052,101.240869,26.76221694059684,20.71980349,85.190198525,110.36322215,137.524144,10.54035459,25.173023625
1074,V,19,77.95491183210527,85.08387694,35.2085959885909,0.0,66.69002305000001,100.34800933,125.9848918,11.8915155,33.65798627999999
1075,P,19,99.04046265473684,93.36333085,20.291123201600882,72.9800955,88.148236565,107.61880233,138.0474327,10.35542829,19.47056576499999
1076,P,17,106.37051643588235,105.8358456,20.744503364326615,66.63365463,95.94343956,117.388079,149.915161,11.40250986,21.444639440000003
1077,A,19,104.78864117947369,103.459624,12.262987109986174,82.77795895,97.14107417,111.97641045,128.5945877,9.578854892,14.835336280000007
1078,Y,19,109.31711033578947,114.441021,19.997825717957607,60.47346892,97.66713960999999,124.602271,136.088091,11.5570146,26.93513139000001
1079,S,19,91.82195704789474,102.5298468,32.60939450670705,0.0,83.374017265,105.3666919,138.0474327,11.95382714,21.992674635
1080,A,19,104.79214437157896,97.91129771,19.99809512774123,84.32685596,91.95508927,108.61972195,164.7317636,9.774984769,16.664632679999997
1081,V,19,106.85546619842106,104.9822416,16.062155914082588,80.8727026,95.17537497000001,114.71916135000001,149.2278153,10.74894728,19.54378638
1082,T,19,97.58621115789474,100.7422416,22.548323235061392,17.16263187,94.273897535,109.765715,121.5441048,6.780654002,15.491817464999997
1083,T,19,101.36346591526316,103.7909301,12.236968044865753,78.96105581,91.02976008499999,112.34688525,122.1012335,7.172370961,21.317125165000007
1084,P,19,103.69898621368421,101.6169044,13.785561187089462,84.70295269,96.79405647499999,107.90845435,141.5463113,7.177060108,11.114397875000009
1085,G,19,101.68166400684211,103.8729455,28.261516104310818,58.52123565,81.28125149499999,111.481869,161.7454052,10.379840975,30.20061750500001
1086,P,19,102.52197156789474,96.92385192,21.845048018557442,69.02371635,92.86938832999999,110.99207315,161.7454052,12.00816075,18.122684820000003
1087,G,19,99.74977248578948,98.55993335,26.72663516074703,58.52123565,80.35214798,112.6726744,154.6594067,13.90701756,32.32052642000001
1088,P,19,92.42027655578947,96.15736271,18.214737051640725,51.83974864,87.094409805,104.4086988,116.7930198,7.946589977,17.314288995
1089,T,19,103.29031742315789,105.0018948,21.797356909195017,60.71214574,89.17158585499999,117.6745329,137.524144,10.3538876,28.502947045000013
1090,S,19,102.40112484736842,103.7284595,16.407696268979816,69.88853827,93.757922435,114.4031102,125.1747995,10.83289616,20.645187765000003
1091,T,19,103.40702456526316,99.74117703,26.76406223433788,53.52640653,86.48397703,121.79887415,164.5887129,8.316395644,35.31489712
1092,S,19,100.37568770473683,100.7998037,18.37866618547168,75.47836046,87.61741198,110.23562150000001,151.6213634,10.62241005,22.618209520000008
1093,P,19,95.1588533068421,96.49927739,19.469653712796937,55.48616906,84.67980889500001,103.5355745,138.0474327,8.451481965,18.855765604999988
1095,L,16,102.3251418350625,98.830450575,37.52132724740891,5.378102211,87.56099794,121.849577275,171.1716091,14.07644267,34.28857933500001
1096,P,19,87.59185740473684,93.89864423,27.49493149238838,0.0,71.88216947000001,105.4390366,119.0819981,6.949058684,33.556867129999986
1097,V,16,89.064859808125,87.19517966000001,35.3874245553937,0.0,72.3012546275,105.083133025,168.6545561,9.982944753,32.781878397499995
1098,S,18,106.32203275555555,104.07022334999999,14.694541794886067,79.66692774,95.66731674,118.423790325,126.5343242,11.99977806,22.756473584999995
1099,P,19,95.67799282210525,98.14740049,12.517751012172221,58.9900511,90.4597697,101.26810705,115.0395273,4.847978831,10.808337350000002
1100,L,19,106.5193432,103.5355745,20.958189904917887,76.5143604,92.61768625,114.46841710000001,146.3030891,7.376787739,21.850730850000005
1101,P,19,87.12141516631578,94.31609122,18.797805419738808,51.84308228,73.120832915,102.3375898,108.9230477,5.071899998,29.21675688500001
1102,T,19,96.97519111473684,100.3087846,17.430807491407368,64.24861675,86.92178045,109.84511119999999,124.9341217,6.447080476,22.92333074999999
1103,L,19,92.27371912526316,96.36508444,23.91750540775294,0.0,91.841392555,101.0516342,116.2030045,3.994069281,9.210241644999996
1104,T,19,96.09081580789473,102.8425663,16.565963634065213,68.39058841,85.041839425,108.4444795,117.5041479,10.19116403,23.402640074999994
1105,L,17,103.65833107647059,107.7564228,18.87626456744168,58.32346756,99.06547423,115.0938714,128.7217579,9.901839194,16.02839716999999
1106,D,19,81.71180544210526,83.4116394,40.084975065457776,0.0,63.360003215000006,110.18195324999999,165.8177366,11.04830609,46.821950034999986
1107,S,19,90.03169666947369,94.49898621,19.82501476726893,58.52123565,76.56428217999999,102.6431788,124.0511854,11.8407267,26.07889662000001
1108,L,18,99.5977259688889,100.35942370000001,35.314421374044365,0.0,92.274790635,114.91665347499999,171.1716091,10.75320587,22.641862839999988
1109,S,19,106.42936670736842,105.8277633,11.781163897857802,88.5734435,98.45900976499999,112.3726482,133.2296758,9.713864489,13.91363843500001
1110,Q,19,91.78755298368421,97.62017587,25.5152566157459,42.56107215,77.21108831000001,106.75940355,141.2208974,10.351486666,29.548315239999994
1111,V,19,109.73696358052632,106.7203213,28.729823672418938,57.05720304,91.74455989500001,123.1670261,175.2670548,8.548234609,31.422466204999992
1112,S,19,89.61897890105263,87.85156067,21.99089939741806,31.03515446,84.39331017500001,106.16847555,128.7367479,9.416327622,21.775165374999986
1113,Q,19,83.06835477105264,91.02967227,36.44810897034198,10.21327659,60.711113280000006,110.75436415,131.671514,11.76606607,50.043250869999994
1114,F,19,98.02320216789474,97.11025987,22.12971940925297,42.82535556,83.71229722,112.9735763,133.2296758,6.263125344,29.26127908000001
1115,M,19,105.9359062268421,108.0863771,24.168000146857317,63.93398716,86.08686410499999,116.01380284999999,158.0058168,12.50587547,29.926938745
1116,A,18,104.10264192444444,105.1279922,23.69039017935152,58.52123565,92.98911487999999,114.87996447500001,158.0058168,14.15812713,21.89084959500002
1117,C,18,88.31881206166666,92.12021798500001,28.551872002328643,0.0,80.02811403749999,102.61019912500001,127.5148771,10.360861295,22.58208508750002
1118,E,19,93.4407182968421,99.10734057,19.641882490427307,54.86290432,75.58321372,108.69538465,122.8938351,13.41087663,33.11217092999999
1119,E,17,103.33954656823529,108.6214999,20.61428175584465,53.91513507,89.74540164,119.0819981,127.6511829,12.89534152,29.33659646000001
1120,L,18,92.5676602788889,88.76148087,28.75676235534792,39.0141571,75.119120075,114.11615627500001,161.7454052,14.39593876,38.99703620000001
1121,P,18,95.36613295944444,94.10592187,19.850295557035903,48.17119821,81.25775555,113.62723,126.4018569,14.175003725,32.36947445
1122,P,19,96.08483494421053,95.65394726,20.846206841280114,60.68699096,82.363097855,108.03109155,138.0474327,10.70410161,25.667993694999993
1123,G,19,108.81938565894737,109.8551229,24.165649690809417,61.01388128,90.080408555,121.16054485000001,155.1757723,11.79697299,31.080136295000003
1124,A,19,105.1601351968421,102.6828314,26.937093676146354,49.8098895,95.290224315,119.061669,164.5887129,10.25517998,23.77144468499999
1125,P,19,97.06673713684211,98.75981886,18.54556862453705,52.66860559,87.34068075,107.73635185,134.7878377,10.94653212,20.3956711
1126,E,15,100.70478521953333,98.42430674,52.495965649228296,0.0,86.738774295,135.81260315,178.326345,16.2315626,49.073828855
1127,L,18,95.278740225,94.237636055,23.815685736540754,58.52123565,83.9203690475,103.94894145,168.3579039,9.174700327,20.028572402500004
1128,P,19,99.41381262947368,99.41970684,25.50931471580865,55.7430655,84.922591135,112.99505655,159.875611,13.14573234,28.072465414999996
1129,Q,19,100.3093278168421,99.7301768,23.764471915275372,58.52123565,86.757809135,113.900333,159.875611,10.18255272,27.142523865
1132,P,14,111.516872275,109.51005570000001,51.579280893074106,26.95756753,64.9727462475,150.14364262499998,207.0711491,11.23452823,85.17089637749999
1138,L,18,94.65694104,96.84022301,22.79204632474298,41.41422981,84.651878785,109.1630157,128.3787068,8.366167225,24.51113691500001
1139,P,17,95.19807641999999,103.1645761,19.506143618573525,60.44536951,79.00290838,107.8302701,128.4333407,10.4767505,28.827361720000013
1140,G,17,98.85005780117648,101.081466,16.60784775290758,65.52288945,86.27964544,110.4379462,128.9578465,7.716511323,24.158300760000003
1141,Q,19,102.41375390947368,102.5679493,20.80314223859938,54.04940063,93.33734305499999,114.68448505,138.0474327,7.477469382,21.347141995000015
1142,L,19,91.22021359105263,94.29396393,24.594721741898685,0.0,86.88242339,102.79978030000001,115.2475702,7.532710506,15.91735691000001
1143,G,19,88.04298160421052,96.1993207,28.576531857889112,16.60725185,69.02371635,109.9469333,121.1215249,10.36254236,40.92321695
1144,A,19,102.17338134052632,100.0187139,13.206934066371804,82.82845962,94.93838045,106.70211714999999,133.8354807,5.78118475,11.763736699999995
1145,L,19,102.85890200105264,98.91974749,21.92247608366311,65.8962762,92.0316218,108.55082555,168.0962782,6.69420144,16.519203750000003
1146,T,19,108.41213207736841,107.7640614,26.77676633707959,68.06860726,92.35963619500001,125.5963007,174.9704027,12.86291842,33.23666450499999
1147,S,19,101.94278769842106,103.5355745,14.529191455870802,82.82845962,88.00523835,110.93868549999999,134.7878377,5.783018932,22.933447149999992
1148,Q,19,104.59835631947368,112.113201,22.434743656469387,56.53515438,93.45685514499999,117.45295485,143.9962525,8.499424762,23.996099705000006
1149,P,19,104.86449533263158,105.3631487,15.268160458349762,77.76462342,91.43638272999999,113.76647925,138.0474327,6.873423194,22.330096520000012
1150,L,19,90.28100780842105,92.55021853,30.85163335548397,0.0,73.215427095,102.80082135,138.0474327,9.72109873,29.58539425500001
1151,H,19,94.49175626894737,100.3709386,16.39681020925222,69.42443696,77.86309321,106.4096466,120.8333454,6.596409755,28.54655339
1152,R,19,98.88180012631578,99.14989486,18.594134205929386,54.81145677,91.03343985000001,109.01743185000001,138.0474327,7.940028508,17.983992
1153,H,18,90.02839234055556,94.89853991000001,29.117646210521983,16.22250748,76.97100644999999,109.30596775000001,125.8159824,11.12112021,32.33496130000002
1154,G,19,101.92043343947368,105.009484,13.100503535279174,73.15154456,94.4844973,110.4126905,124.8021416,6.86862762,15.928193199999995
1155,S,19,83.00926705368421,85.85127123,16.678079045296894,51.76778726,69.02371635,94.78243416000001,109.6693655,8.092764909,25.758717810000007
1156,D,18,96.20704734444445,92.373291445,19.747207160229447,67.39391884,85.043042235,109.786027175,138.0474327,9.7274977965,24.74298494
1157,P,19,88.88433927315789,92.51930216,18.942906901047603,55.71301104,76.261067415,98.065943405,138.0474327,7.491896485,21.80487599
1158,G,19,86.6224368136842,86.27964544,39.81361063097562,0.0,69.02371635,116.04099930000001,147.3437922,10.50231963,47.01728295000001
